config,row,region,lines,line_exact,CER
A,gt,gangnam,206,83.0,0.157
A,tp,gangnam,170,77.1,0.257
A,rec,gangnam,206,63.6,0.379
A,gt,brooklyn,194,88.7,0.082
A,tp,brooklyn,170,76.5,0.178
A,rec,brooklyn,194,67.0,0.258
A,gt,suwon,181,79.0,0.163
A,tp,suwon,146,78.1,0.292
A,rec,suwon,181,63.0,0.412
A,gt,ALL,581,83.6,0.121
A,tp,ALL,486,77.2,0.223
A,rec,ALL,581,64.5,0.325
B,gt,gangnam,206,83.5,0.178
B,tp,gangnam,170,75.9,0.277
B,rec,gangnam,206,62.6,0.395
B,gt,brooklyn,194,85.6,0.084
B,tp,brooklyn,170,74.1,0.194
B,rec,brooklyn,194,64.9,0.273
B,gt,suwon,181,77.9,0.188
B,tp,suwon,146,75.3,0.312
B,rec,suwon,181,60.8,0.428
B,gt,ALL,581,82.4,0.133
B,tp,ALL,486,75.1,0.241
B,rec,ALL,581,62.8,0.341
