region,det_crop,status,gt_crop,gt_tag,pred_name,pred_tag,ocr_text
gangnam,gangnam__1__crop_001,TP,gangnam__1__crop_001,amenity=karaoke_box,밀크뮤직타운,amenity=karaoke_box,milk / 밀크뮤직타운 / MILK MUSIC TOWN / B1
gangnam,gangnam__1__crop_002,FP,,,액세서리,shop=jewelry,액세서리 / TMON 제휴결제수단 결제하면 혜택
gangnam,gangnam__10__crop_001,TP,gangnam__10__crop_001,tourism=hotel,T,tourism=hotel,HOTEL / T
gangnam,gangnam__10__crop_002,TP,gangnam__10__crop_002,amenity=restaurant,Saboten,amenity=restaurant,Saboten / THE ORIGINAL SHINJUKU DONTONKATSU
gangnam,gangnam__100__crop_001,TP,gangnam__100__crop_001,amenity=fast_food,비비큐치킨,amenity=fast_food,Welcome to / the BBQ World / Q / BB / 대치도곡점 556-7001 Chicken 비비큐치킨 / 올리브 럭셔리 치킨
gangnam,gangnam__11__crop_001,TP,gangnam__11__crop_002,amenity=bar,생활맥주,amenity=bar,집동가리생맥주 / Korean Pub / 가맹문의 1599-0078 ROOM.HOF.SOJU 강남역점
gangnam,gangnam__11__crop_002,TP,gangnam__11__crop_001,amenity=fast_food,롯데리아,amenity=fast_food,롯데리아 / LOTTERIA / 강남역점
gangnam,gangnam__12__crop_001,TP,gangnam__12__crop_001,office=company,럭셔리브라더스,office=company,럭셔리브라더스
gangnam,gangnam__14__crop_001,FP,,,HOLLYWOOD,amenity=restaurant,수제돈까스 / 콩나물국밥 / Restaurant / café / HOLLYWOOD
gangnam,gangnam__15__crop_001,FP,,,전영준프로초밥,amenity=restaurant,프로가 만드는 프로의 맛 / 전영준프로초밥 / 강남직영점 / 문의전화 02-541-9077
gangnam,gangnam__16__crop_001,TP,gangnam__16__crop_001,,Yomenya Goemon,amenity=restaurant,Yomenya Goemon / Japanese Spaghetti
gangnam,gangnam__18__crop_001,TP,gangnam__18__crop_002,amenity=bank,우리은행,amenity=bank,우리은행 / 강남역지점 / 365코너 2층 ↑
gangnam,gangnam__18__crop_002,FP,,,MLB,shop=clothes,MLB
gangnam,gangnam__19__crop_001,TP,gangnam__19__crop_001,amenity=restaurant,파파스레시피,amenity=restaurant,쭈꾸미불고기전문 / 파파스레시피 2F / T.567-4900
gangnam,gangnam__2__crop_001,TP,gangnam__2__crop_001,amenity=cafe,HERRY'S,amenity=cafe,HERRY'S / COFFEE / 197-257
gangnam,gangnam__20__crop_001,TP,gangnam__20__crop_001,amenity=restaurant,THE PLACE,amenity=restaurant,THE / PLACE / ITALIAN URBAN BISTRO
gangnam,gangnam__20__crop_002,FP,,,THE PLACE,amenity=restaurant,THE / PLACE / ITALIAN URBAN BISTRO
gangnam,gangnam__21__crop_001,TP,gangnam__21__crop_001,amenity=ice_cream,robbins / baskin BR,amenity=ice_cream,robbins / baskin BR
gangnam,gangnam__22__crop_001,TP,gangnam__22__crop_002,,항상은,amenity=restaurant,주휴점 / 항상은 / 상9 / 겹습니다 / 체인문의
gangnam,gangnam__22__crop_002,TP,gangnam__22__crop_001,amenity=restaurant,혜화돌쇠,amenity=restaurant,Google / 혜화돌쇠 / 아저씨 / 2021 Google / 고르곤 졸라 피자
gangnam,gangnam__23__crop_001,FP,,,뼈대,amenity=restaurant,뼈 / 뼈대 / KOREAN / RESTAURANT / 체인점문의
gangnam,gangnam__23__crop_002,TP,gangnam__23__crop_001,amenity=restaurant,문교동낙지,amenity=restaurant,문교동낙지 / 전문점
gangnam,gangnam__24__crop_001,TP,gangnam__24__crop_001,amenity=fast_food,SUBWAY,amenity=fast_food,SUBWAY
gangnam,gangnam__25__crop_001,TP,gangnam__25__crop_001,,GOLD,shop=clothes,GOLD
gangnam,gangnam__26__crop_001,TP,gangnam__26__crop_001,,thanks,amenity=cafe,CAFÉ / thanks
gangnam,gangnam__27__crop_001,TP,gangnam__27__crop_001,shop=convenience,CU,shop=convenience,CU / cvs for you / BGF리테일
gangnam,gangnam__28__crop_001,TP,gangnam__28__crop_001,amenity=cafe,THE CAFE 8.6.8,amenity=cafe,THE / CAFE 8.6.8 / 이탈리안 젤라또·커피
gangnam,gangnam__29__crop_001,TP,gangnam__29__crop_001,amenity=bar,오페라,amenity=bar,opera / 오페라 / 라이브 / 유흥주점
gangnam,gangnam__3__crop_001,TP,gangnam__3__crop_001,amenity=restaurant,Yomenya Goemon,amenity=restaurant,Yomenya Goemon / Japanese Spaghetti
gangnam,gangnam__3__crop_002,FP,,,CASE JOVI,tourism=hotel,CASE / JOVI
gangnam,gangnam__30__crop_001,FP,,,새마을휘트니스,leisure=fitness_centre,건강이 생활이 되는 / 새마을휘트니스 26호 강남역점 24시간 운영 / 새마을휘트니스 / 오시는 길 / T.02.562.0161
gangnam,gangnam__31__crop_001,TP,gangnam__31__crop_001,amenity=restaurant,국빈,amenity=restaurant,OPEN / 정통중국요리 / 국빈 Chinese Res T.566-4531
gangnam,gangnam__32__crop_001,TP,gangnam__32__crop_001,amenity=bar,TAN,amenity=restaurant,dishes / TAN / IZAKAYA TAN / IZAKAYA / たん / t.h
gangnam,gangnam__33__crop_001,TP,gangnam__33__crop_001,shop=bakery,DUNKIN,amenity=fast_food,한식 / bierhof / bierhof / DONUTS / DD / DUNKIN
gangnam,gangnam__34__crop_001,TP,gangnam__34__crop_001,shop=convenience,MINI STOP 역삼타워점,shop=convenience,청심 19요8 / 비어호프 / MINI STOP 역삼타워점 / MINI / co / MINICAFE
gangnam,gangnam__36__crop_001,FP,,,꼬끼꼬끼,amenity=restaurant,꼬끼꼬끼 / 치킨호프 / 치킨호프
gangnam,gangnam__37__crop_001,TP,gangnam__37__crop_001,shop=optician,eye scream,shop=optician,eye scream 아이스크 / eye scream 아이스크림안경 / eye
gangnam,gangnam__38__crop_001,TP,gangnam__38__crop_001,amenity=cafe,CANDLE & SOAP,shop=beauty,SOAP / CANDLE / CANDLE & SOAP
gangnam,gangnam__39__crop_001,TP,gangnam__39__crop_001,amenity=restaurant,쭈꾸미불낙,amenity=restaurant,세무사김영덕사무소 / 쭈꾸미불낙 / 쭈꾸
gangnam,gangnam__4__crop_001,TP,gangnam__4__crop_001,amenity=bar,가배도,amenity=cafe,기시도 / CASA / JOVEN
gangnam,gangnam__40__crop_001,TP,gangnam__40__crop_001,amenity=bar,로빈힐,amenity=bar,BEER / 로빈힐 BEER & 생맥주 / 단체피로연 예약 TT
gangnam,gangnam__41__crop_001,TP,gangnam__41__crop_001,shop=stationery,모닝글로리,shop=stationery,모닝글로리 / 모닝글로리 / 강남역점
gangnam,gangnam__42__crop_001,TP,gangnam__42__crop_001,amenity=restaurant,일당흑마늘족발 보쌈,amenity=restaurant,순대국 / 보쌈 / 일당흑마늘족발 보쌈 / 일당흑 / 본점
gangnam,gangnam__43__crop_001,TP,gangnam__43__crop_001,shop=convenience,ELEVEN,shop=convenience,ELEVEN
gangnam,gangnam__44__crop_001,TP,gangnam__44__crop_002,amenity=restaurant,영동껍데기,amenity=restaurant,100% / 100% 국내산 / 1등급 / 생고기 / 영동껍데기 / 김치찌개
gangnam,gangnam__44__crop_002,FP,,,생고기,amenity=restaurant,Google / 생고기 / 김치찌개
gangnam,gangnam__45__crop_001,TP,gangnam__45__crop_001,amenity=restaurant,영동,amenity=restaurant,영동 / 100% 국내산 1등급 생고기 / 껍데기 / 소금구이
gangnam,gangnam__45__crop_002,FP,,,영동 식당,amenity=restaurant,영동 식당 김치찌개
gangnam,gangnam__45__crop_003,FP,,,가고싶은 식당,amenity=restaurant,가고싶은 식당 / cass
gangnam,gangnam__46__crop_001,FP,,,통돼지,amenity=restaurant,찌개 / 통돼지김치찌개 / 통돼지
gangnam,gangnam__46__crop_002,FP,,,통돼지찌개집,amenity=restaurant,통돼지찌개집
gangnam,gangnam__46__crop_003,FP,,,생고기화로구이,amenity=restaurant,화로구이 / 생고기화로구이 / 생고기
gangnam,gangnam__47__crop_001,TP,gangnam__47__crop_001,amenity=restaurant,나주가,amenity=restaurant,나주가 / 숙성한우와 나주곰탕 전문점 / NAJUGA / 가맹점문의
gangnam,gangnam__48__crop_001,TP,gangnam__48__crop_001,amenity=restaurant,김밥천국,amenity=restaurant,FOOD / CAFE 김밥천국
gangnam,gangnam__49__crop_001,TP,gangnam__49__crop_001,shop=bakery,파리바게뜨,shop=bakery,PARIS / BAGUETTE / 파리바게뜨
gangnam,gangnam__5__crop_001,TP,gangnam__5__crop_001,amenity=fast_food,MOS BURGER,amenity=fast_food,MOS BURGER
gangnam,gangnam__51__crop_001,TP,gangnam__51__crop_001,shop=convenience,GS25,shop=convenience,이치 / 이지 / Friendly / Fresh / GS25 / Fresh / Fun
gangnam,gangnam__52__crop_001,TP,gangnam__52__crop_001,amenity=clinic,미즈메디 병원,amenity=clinic,미즈메디 병원 / Miz Medi Hospital
gangnam,gangnam__52__crop_002,FP,,,미즈메디 병원,amenity=clinic,미즈메디 병원 / Miz Medi Hospital
gangnam,gangnam__53__crop_001,TP,gangnam__53__crop_001,,커피볶는집,amenity=cafe,커피볶는집 / 대치동 / 커피볶는집 / 대치동본점 / 체인문의TEL
gangnam,gangnam__54__crop_001,TP,gangnam__54__crop_002,leisure=fitness_centre,ZUM 줌,leisure=fitness_centre,대치점 568-1977 / ZUM 줌 / 필라테스 & / 플라잉 요가
gangnam,gangnam__54__crop_002,TP,gangnam__54__crop_001,amenity=school,SEM학원,amenity=school,SEM학원 / SEM / 수학전문
gangnam,gangnam__54__crop_003,FP,,,ΣEM학원,amenity=school,ΣEM학원 / ΣEM / 수학전문
gangnam,gangnam__55__crop_001,TP,gangnam__55__crop_002,amenity=restaurant,로얄키친,amenity=restaurant,당신만을 위한 작은 부엌 / 로얄키친 / 서울 / ROYAL KITCHEN 02 566 1016
gangnam,gangnam__55__crop_002,TP,gangnam__55__crop_001,office=estate_agent,대성,office=company,Since 1985 / 대성 / 대치본점 555-8364 / 상업공간.리모델링.유지보수 / 실
gangnam,gangnam__55__crop_003,FP,,,발성사,office=company,발성사
gangnam,gangnam__55__crop_004,TP,gangnam__55__crop_003,amenity=restaurant,로얄키친,amenity=restaurant,N / 로얄키친 / 키친 / 02 5661016 / 공념
gangnam,gangnam__56__crop_001,TP,gangnam__56__crop_002,office=estate_agent,믿음부동산,office=estate_agent,부동산 법률중개사 / 공인중개사 / 믿음부동산 / 사무소
gangnam,gangnam__56__crop_002,TP,gangnam__56__crop_001,,해남세발낙지,amenity=restaurant,홍어삼합 생선구이 / 생선조림 갈치조림 / 해남세발낙지
gangnam,gangnam__57__crop_001,TP,gangnam__57__crop_002,office=estate_agent,솔로몬 공인중개사사무소,office=estate_agent,솔로몬 공인중개사사무소 / 허가번호:9250-7290
gangnam,gangnam__57__crop_002,TP,gangnam__57__crop_001,shop=books,대치 삼성서점,shop=books,대치 삼성서점 / 치 / 508-1441
gangnam,gangnam__58__crop_001,TP,gangnam__58__crop_001,amenity=karaoke_box,VIP노래방,amenity=karaoke_box,VIP노래방
gangnam,gangnam__58__crop_002,TP,gangnam__58__crop_002,shop=health_food,정관장 홍삼,shop=health_food,신뢰의 기업 / 정관장 홍삼 / 대치본점 / www.kgc.or.kr
gangnam,gangnam__59__crop_001,TP,gangnam__59__crop_002,amenity=karaoke_box,VIP,amenity=karaoke_box,VIP노래방 / VIP
gangnam,gangnam__59__crop_002,TP,gangnam__59__crop_001,amenity=pharmacy,메디팜 나리약국,amenity=pharmacy,MEDIPHARM / 메디팜 나리약국 / TEL. 565-6645
gangnam,gangnam__59__crop_003,TP,gangnam__59__crop_003,shop=health_food,정관장,shop=health_food,정관장 / (주)한국인삼공사 / www.kgc.or.kr
gangnam,gangnam__6__crop_001,TP,gangnam__6__crop_001,amenity=cafe,HERRY'S COFFEE,amenity=cafe,COFFEE / HERRY'S COFFEE / 1577-2307
gangnam,gangnam__60__crop_001,TP,gangnam__60__crop_001,amenity=school,이수정 국어·논술,amenity=school,이수정 국어·논술 / Think Different & Be the Best / 이수정 국어·논술 / 논술 / TI
gangnam,gangnam__61__crop_001,TP,gangnam__61__crop_002,shop=convenience,MINI STOP,shop=convenience,MINI STOP / 24시간 영업
gangnam,gangnam__61__crop_002,TP,gangnam__61__crop_001,amenity=cafe,PAIK'S COFFEE,amenity=cafe,PAIK'S / PAIK'S COFFEE / 대치동학원가점
gangnam,gangnam__62__crop_001,TP,gangnam__62__crop_001,shop=convenience,MINI STOP,shop=convenience,MINI STOP / 대치시내점
gangnam,gangnam__62__crop_002,FP,,,MINI STOP,shop=convenience,MINI STOP / 대치시내점
gangnam,gangnam__63__crop_001,TP,gangnam__63__crop_001,shop=convenience,MINI STOP,shop=convenience,MINI STOP / STOP / 대치시내점
gangnam,gangnam__64__crop_001,TP,gangnam__64__crop_003,amenity=study_cafe,시작 스터디카페,amenity=study_cafe,시작 스터디카페 / SIZAK STUDY CAFE / T. 558.5206
gangnam,gangnam__64__crop_002,TP,gangnam__64__crop_002,shop=convenience,MINI STOP,shop=convenience,MINI STOP / 대치시내점
gangnam,gangnam__64__crop_003,TP,gangnam__64__crop_001,amenity=restaurant,SUSHI BROS,amenity=restaurant,SUSHI BROS / 초밥&돈까스전문점
gangnam,gangnam__65__crop_001,TP,gangnam__65__crop_001,amenity=cafe,빽다방,amenity=cafe,빽다방 / 빽다방 / PAIK'S COFFEE
gangnam,gangnam__66__crop_001,FP,,,,office=company,지도(제목 없음) / 지도에 대한 설명을 입력하세요.
gangnam,gangnam__66__crop_002,TP,gangnam__66__crop_001,,김가네,amenity=restaurant,김가네 / Global NO. 430 퓨전 종합분식점 대치점 539-1339
gangnam,gangnam__66__crop_003,TP,gangnam__66__crop_002,office=estate_agent,으뜸 공인중개사,office=estate_agent,으뜸 공인중개사 / 공인중개사 / 사 / 산
gangnam,gangnam__67__crop_001,TP,gangnam__67__crop_002,office=estate_agent,천재,office=estate_agent,천재 / 사무소 / 공인중개사 / 대표:이상례
gangnam,gangnam__67__crop_002,TP,gangnam__67__crop_001,shop=motorcycle,한강 오토바이,shop=motorcycle,한강 오토바이 / T.553-4801
gangnam,gangnam__68__crop_001,FP,,,,office=company,e888-e
gangnam,gangnam__68__crop_002,TP,gangnam__68__crop_001,shop=clothes,LYNN,shop=beauty,LYNN / by / designed feminine
gangnam,gangnam__69__crop_001,TP,gangnam__69__crop_001,amenity=restaurant,미래향,amenity=restaurant,미래향 / 정통중화요리
gangnam,gangnam__7__crop_001,TP,gangnam__7__crop_002,amenity=restaurant,딸부자네불백,amenity=restaurant,딸부자네불백 / DOALBUJA BULBAEK 강남역9번출구점 535-8663
gangnam,gangnam__7__crop_002,TP,gangnam__7__crop_003,shop=convenience,ELEVEN,shop=convenience,ELEVEN
gangnam,gangnam__7__crop_003,TP,gangnam__7__crop_001,amenity=restaurant,Pomato,amenity=restaurant,©2019 / Pomato / Pomato / 강남2호점 (02)535-2070 / 세인본사 (02)687-4285
gangnam,gangnam__7__crop_004,FP,,,Pomato,amenity=restaurant,©2019 / Pomato / 강남2호점 (02)535-2070 / 체인본사(02)687-4285
gangnam,gangnam__70__crop_001,TP,gangnam__70__crop_003,amenity=bar,민속주점,amenity=bar,민속주점 / T.564-1689
gangnam,gangnam__70__crop_002,TP,gangnam__70__crop_001,amenity=restaurant,병천순대,amenity=restaurant,전통음식 병천순대 / 일반음식점 대사1호점 T.563-1182
gangnam,gangnam__70__crop_003,FP,,,한강,office=company,한강
gangnam,gangnam__70__crop_004,TP,gangnam__70__crop_002,amenity=restaurant,라라감자탕,amenity=restaurant,요일 / 라라감자탕 / 메뉴 / 대치점 www.rara24.com
gangnam,gangnam__71__crop_001,TP,gangnam__71__crop_002,amenity=bar,맥주창고,amenity=bar,맥주창고 / 세계맥주 할인점 B1
gangnam,gangnam__71__crop_002,TP,gangnam__71__crop_001,amenity=clinic,금초한의원,amenity=clinic,금초한의원
gangnam,gangnam__71__crop_003,TP,gangnam__71__crop_003,amenity=book_cafe,박지향 Book Cafe,amenity=book_cafe,박지향 Book Cafe / 2F
gangnam,gangnam__72__crop_001,TP,gangnam__72__crop_001,shop=convenience,CU,shop=convenience,LBLO / OO / CU / for / you / bgfcu.com
gangnam,gangnam__73__crop_001,TP,gangnam__73__crop_001,shop=hairdresser,정재용헤어 명가,shop=hairdresser,HAIR SALON / 정재용헤어 명가 / by JUNG JAE YONG
gangnam,gangnam__73__crop_002,TP,gangnam__73__crop_002,shop=hairdresser,JUNG JAE YONG,shop=hairdresser,HAIR SALON / by JUNG JAE YONG
gangnam,gangnam__74__crop_001,TP,gangnam__74__crop_001,amenity=restaurant,밥라임,amenity=restaurant,밥라임 / 브리또&주먹밥 / Korean Bob Time / 가맹문의 : 031-750-0008 / 대치점 : 02-501-8009
gangnam,gangnam__74__crop_002,TP,gangnam__74__crop_002,shop=bakery,MARIAN,shop=clothes,MARIAN
gangnam,gangnam__75__crop_001,TP,gangnam__75__crop_001,amenity=restaurant,함·박·웃·음,amenity=restaurant,밥 / 함·박·웃·음 / 분식
gangnam,gangnam__76__crop_001,TP,gangnam__76__crop_001,office=estate_agent,강남공인중개사사무소,office=estate_agent,강남공인중개사사무소 / 강남공인중개사사무소 / 사무소 / 대표:조군형 / 유니에셋 / 유니에셋
gangnam,gangnam__77__crop_001,TP,gangnam__77__crop_001,office=estate_agent,대치래미안,office=estate_agent,TEL 558 - 0123 / 대표 박은숙 / 대치래미안 / 공인중개사사무소
gangnam,gangnam__77__crop_002,TP,gangnam__77__crop_002,office=estate_agent,영광,office=estate_agent,영광 / 공인중개사 사무소
gangnam,gangnam__77__crop_003,FP,,,,office=estate_agent,중개사사무소 / 1515
gangnam,gangnam__78__crop_001,TP,gangnam__78__crop_002,shop=furniture,리빙인테리어,office=company,리빙인테리어 / 리빙인테리어
gangnam,gangnam__79__crop_001,TP,gangnam__79__crop_001,shop=convenience,GS25 강남한터점,shop=convenience,Friendly / Fresh / GS25 / Fun / Fun 강남한터점
gangnam,gangnam__79__crop_002,FP,,,,amenity=restaurant,
gangnam,gangnam__79__crop_003,TP,gangnam__79__crop_002,amenity=restaurant,계룡돈가스,amenity=restaurant,한티역직영점 / B1 / 시래기국 짜장보리밥 / 계룡돈가스 / 홍어삼합 두루치기 꼬들꼬들 도가막걸리
gangnam,gangnam__8__crop_001,TP,gangnam__8__crop_002,shop=convenience,ELEVEN,shop=convenience,ELEVEN
gangnam,gangnam__8__crop_002,TP,gangnam__8__crop_001,,한입ONEBITE,amenity=restaurant,하루HARU / 한입ONEBITE / 한입ONEBITE Mr.돈부리
gangnam,gangnam__8__crop_003,TP,gangnam__8__crop_003,shop=beauty,중국장통 발관리 전문점,shop=beauty,중국장통 발관리 전문점 / THE FOOT SHOP / 7F
gangnam,gangnam__8__crop_004,FP,,,Saboten,amenity=restaurant,Saboten
gangnam,gangnam__8__crop_005,FP,,,하루HARU,amenity=restaurant,하루HARU / 행바 / 한입ONEEITE M돈부리 / ELEVEn
gangnam,gangnam__80__crop_001,TP,gangnam__80__crop_001,shop=convenience,GS25 강남한티점,shop=convenience,Friendly Fresh Fun / GS25 / 지에스25 Friendly Fresh Fun 강남한티점
gangnam,gangnam__81__crop_001,TP,gangnam__81__crop_002,amenity=restaurant,한티역직영점,amenity=restaurant,B1 / 한티역직영점 / 시래기국 n 짜장set리밥 / 사래기국강장 / 계몽돈가스 / 홍어삼합 두루치기 짜글짜글이 도가막걸리
gangnam,gangnam__81__crop_002,FP,,,MAMM ZELA,shop=clothes,MAMM / ZELA
gangnam,gangnam__81__crop_003,TP,gangnam__81__crop_001,shop=convenience,GS25,shop=convenience,광남한특별 / Friendly / Fresh / GS25 / Fun / Fun / Fun
gangnam,gangnam__82__crop_001,TP,gangnam__82__crop_001,amenity=restaurant,김영희 동태찜 &코다리냉면,amenity=restaurant,영어 학원 / 해물요리 1등 브랜드 / 김영희 동태찜 / &코다리냉면
gangnam,gangnam__83__crop_001,TP,gangnam__83__crop_001,amenity=restaurant,코다리냉면 대치직영점,amenity=restaurant,홍성민 영어 / 코다리냉면 대치직영점 T.561.5007 / 김영희 동태찜 / 해물요리 1등 브랜드
gangnam,gangnam__84__crop_001,TP,gangnam__84__crop_001,office=company,상품권닷컴,shop=convenience,LOTTO / toto / 상품권닷컴 / 티켓코리아 T.3452-8118 상품권닷컴
gangnam,gangnam__84__crop_002,FP,,,꽃카츠집,amenity=restaurant,수제돈카츠·모밀전문점 / 꽃카츠집 / 꽃카츠집 / 한ㅌ
gangnam,gangnam__84__crop_003,TP,gangnam__84__crop_002,amenity=restaurant,Pasta & Dough,amenity=restaurant,©2019 Google / Pasta & Dough / Italian Cuisine
gangnam,gangnam__85__crop_001,TP,gangnam__85__crop_001,office=company,티켓코리아,office=company,상품권닷컴 LOTTO / 티켓코리아 T.3452-8118 상품권닷컴
gangnam,gangnam__85__crop_002,TP,gangnam__85__crop_002,amenity=restaurant,Pasta & Dough,amenity=restaurant,Pasta & Dough / Italian cuisine
gangnam,gangnam__87__crop_001,TP,gangnam__87__crop_002,amenity=bar,비어락,amenity=bar,세계맥주할인점 / BROZ PUB / 비어락
gangnam,gangnam__87__crop_002,TP,gangnam__87__crop_001,shop=beauty,MX 엠엑스,amenity=clinic,진료과목 / 피부과 / MX / 엠엑스 / T.564-8222 / 3F
gangnam,gangnam__89__crop_001,TP,gangnam__89__crop_001,shop=convenience,씨유대치사거리점,shop=convenience,Nice to CU / 씨유대치사거리점
gangnam,gangnam__89__crop_002,FP,,,,amenity=restaurant,
gangnam,gangnam__9__crop_001,FP,,,boten,amenity=restaurant,boten / NAL SHINJUKU DONTSU
gangnam,gangnam__90__crop_001,TP,gangnam__90__crop_001,shop=convenience,CU,shop=convenience,Nice to / CU / 시주
gangnam,gangnam__90__crop_002,TP,gangnam__90__crop_002,amenity=pharmacy,필리아,amenity=pharmacy,필리아 / 필리아 약국 / 약국 / 연중무휴 / 02) 508 - 6116
gangnam,gangnam__91__crop_001,TP,gangnam__91__crop_001,shop=convenience,CU,shop=convenience,보험 건강 공단 검진 / 약 / Nice to CU / CU
gangnam,gangnam__92__crop_001,TP,gangnam__92__crop_001,shop=beauty,I ♥ Nail,shop=beauty,©2019 Google / I ♥ Nail
gangnam,gangnam__96__crop_001,TP,gangnam__96__crop_001,amenity=study_cafe,비에이블,amenity=study_cafe,비에이블 / PREMIUM / 스터디카페 24시 / B1 / 대치2센터
gangnam,gangnam__97__crop_001,FP,,,,office=building,7
gangnam,gangnam__97__crop_002,FP,,,22약,amenity=pharmacy,22약
gangnam,gangnam__97__crop_003,FP,,,,amenity=restaurant,
gangnam,gangnam__98__crop_001,TP,gangnam__98__crop_001,amenity=post_office,서울대치4동 우편취급국,amenity=post_office,서울대치4동 / 동 / KOREA POST / 우편취급국 / 우체국보험
gangnam,gangnam__99__crop_001,TP,gangnam__99__crop_001,amenity=school,워너비,amenity=school,WB / 워너비 / EDUCATION
brooklyn,brooklyn__1__crop_001,TP,brooklyn__1__crop_001,amenity=restaurant,OFF THE GRILL,amenity=restaurant,MEDITERRANEAN / CUISINE / FRESH / OFF THE / GRILL
brooklyn,brooklyn__10__crop_001,TP,brooklyn__10__crop_002,amenity=restaurant,ISLAND RIBHOUSE,amenity=restaurant,ISLAND / RIBHOUSE / 611 Nosrand Ave. BBQ
brooklyn,brooklyn__10__crop_002,TP,brooklyn__10__crop_001,,MOD,office=company,SPACE / AVAILABLE / MOD
brooklyn,brooklyn__100__crop_001,TP,brooklyn__100__crop_001,shop=supermarket,BARGAINLAND,shop=supermarket,BARGAINLAND / DEPARTMENT STORES / BARGAINLAND
brooklyn,brooklyn__11__crop_001,FP,,,S Financial,amenity=bank,S / Financial / Checks Cashed / ecks / Debit Card | Bills Paid | Money Orders | ATM
brooklyn,brooklyn__11__crop_002,TP,brooklyn__11__crop_001,,TAX ELITE SOLUTIONS,office=company,TAX / ELITE / SOLUTIONS / Tel: 718.484.4131 Fax:
brooklyn,brooklyn__12__crop_001,TP,brooklyn__12__crop_001,amenity=restaurant,ISLAND RIBHOUSE,amenity=restaurant,ISLAND RIBHOUSE / 611 Nostrand Ave. BBQ
brooklyn,brooklyn__12__crop_002,FP,,,613 FRESH DE,shop=convenience,613 FRESH DE
brooklyn,brooklyn__13__crop_001,TP,brooklyn__13__crop_001,shop=supermarket,WINE GROCER,shop=convenience,WINE GROCER / GROCER / FOOD WINE / WINE / We Love You
brooklyn,brooklyn__13__crop_002,TP,brooklyn__13__crop_002,leisure=fitness_centre,9ROUND,leisure=fitness_centre,9ROUND / 30 MIN KICKBOX FITNESS / LinkNYC
brooklyn,brooklyn__14__crop_001,TP,brooklyn__14__crop_001,,Rosalia's,amenity=cafe,Rosalia's / Cafe
brooklyn,brooklyn__14__crop_002,TP,brooklyn__14__crop_002,shop=beauty,Hello One Nail,shop=beauty,Hello One Nail / Spa / Inc
brooklyn,brooklyn__15__crop_001,TP,brooklyn__15__crop_002,shop=supermarket,WINE GROCER,shop=convenience,WINE GROCER / FOOD / WINE
brooklyn,brooklyn__15__crop_002,TP,brooklyn__15__crop_001,leisure=fitness_centre,9ROUND,leisure=fitness_centre,© 2024 Google / 9ROUND / 30 MIN KICKBOX FITNESS
brooklyn,brooklyn__16__crop_001,TP,brooklyn__16__crop_001,shop=car_repair,WING E-BIKE,shop=motorcycle,SALES / WING E-BIKE / FLY / REPAIR / www.flywingny.com Tel: 917-605-5570 / VENTAS / REPARACIONES
brooklyn,brooklyn__16__crop_002,TP,brooklyn__16__crop_002,office=company,CAMBRIDGE & LEACH INC.,office=company,Personal & Commercial / CAMBRIDGE & LEACH INC. / INSURANCE
brooklyn,brooklyn__16__crop_003,FP,,,FLY WING E-BIKE,shop=motorcycle,FLY WING E-BIKE / 662
brooklyn,brooklyn__17__crop_001,TP,brooklyn__17__crop_001,shop=beauty,Hello One Nail,shop=beauty,Hello One Nail / Spa / Inc
brooklyn,brooklyn__17__crop_002,TP,brooklyn__17__crop_002,,,office=estate_agent,STORE / FOR RENT / 718-627-7847 EXT 102
brooklyn,brooklyn__18__crop_001,TP,brooklyn__18__crop_001,shop=laundry,Champion Laundry,shop=laundry,Champion Laundry / & Dry Cleaning Service / FREE PICKUP & DELIVERY
brooklyn,brooklyn__18__crop_002,TP,brooklyn__18__crop_003,shop=car_repair,FLY WING E-BIKE,shop=motorcycle,SALES / FLY WING E-BIKE / REPAIR / www.flywingny.com Tel: / VENTAS / REPARACIONES
brooklyn,brooklyn__18__crop_003,TP,brooklyn__18__crop_002,shop=hairdresser,ABC II,shop=hairdresser,ABC II / BARBER SHOP / 666 Nostrand Ave. 11216 / Phone: 347.792.6773 · abc2barbershopunisex.com
brooklyn,brooklyn__19__crop_001,TP,brooklyn__19__crop_001,shop=mobile_phone,total wireless,shop=mobile_phone,total / wireless
brooklyn,brooklyn__2__crop_001,TP,brooklyn__2__crop_001,shop=laundry,DUTCH CLEANERS,shop=laundry,DUTCH / CLEANERS
brooklyn,brooklyn__2__crop_002,TP,brooklyn__2__crop_003,office=estate_agent,SPRINT REALTY INC.,office=estate_agent,MLS R / SPRINT REALTY INC. / SALES / RENTALS - RESIDENTIAL & COMMERCIAL - MANAGEMENT - WE BUY HOUSES ALL CASH
brooklyn,brooklyn__20__crop_001,TP,brooklyn__20__crop_001,amenity=cafe,island pops,amenity=ice_cream,island / pops
brooklyn,brooklyn__20__crop_002,FP,,,island pops,amenity=ice_cream,island / pops
brooklyn,brooklyn__20__crop_003,TP,brooklyn__20__crop_002,office=company,EMS Accounting Service,office=company,1995 / EMS Accounting Service / inc
brooklyn,brooklyn__21__crop_001,TP,brooklyn__21__crop_001,shop=supermarket,Nostrands Nugs,amenity=restaurant,Nostrands / ands / Nugs
brooklyn,brooklyn__21__crop_002,TP,brooklyn__21__crop_002,amenity=restaurant,4 BROTHERS FOOD CORP,shop=convenience,4 / BROTHERS / FOOD CORP / 631 NOSTRAND AVE BREAKFAST LUNCH GROCERY DELI
brooklyn,brooklyn__22__crop_001,TP,brooklyn__22__crop_001,,9,office=building,9
brooklyn,brooklyn__22__crop_002,FP,,,SPRAY FOAM INSULATION,office=company,855-552-3626 / SPRAY FOAM / INSULATION
brooklyn,brooklyn__22__crop_003,FP,,,SASCO CONSTRUCTION SERVICE LLC,shop=hardware,643 NOSTRAND AVE BROOKLYN / SASCO CONSTRUCTION SERVICE LLC / 432 CONEY ISLAND AVE / BROOKLYN NY 11218
brooklyn,brooklyn__22__crop_004,TP,brooklyn__22__crop_002,,SASCO CONSTRUCTION SERVICE LLC,shop=hardware,643 NOSTRAND AVE BROOKLYN / SASCO CONSTRUCTION SERVICE LLC / 432 CONEY ISLAND AVE / BROOKLYN NY 11218 / For more informa
brooklyn,brooklyn__22__crop_005,FP,,,,amenity=restaurant,
brooklyn,brooklyn__23__crop_001,FP,,,URBAN MARKET,shop=supermarket,2025 Google / URBAN / MARKET / BY KeyFood / FRESH
brooklyn,brooklyn__24__crop_001,TP,brooklyn__24__crop_001,amenity=restaurant,the RYERSON,tourism=hotel,Google / the RYERSON / 698 Nostrand Ave
brooklyn,brooklyn__26__crop_001,TP,brooklyn__26__crop_001,amenity=restaurant,the RYERSON,tourism=hotel,the / RYERSON / 698 Nostrand Ave
brooklyn,brooklyn__27__crop_001,TP,brooklyn__27__crop_002,shop=supermarket,SHORTY CANDY,shop=convenience,SHORTY CANDY
brooklyn,brooklyn__27__crop_002,FP,,,AXY 816,shop=beauty,AXY 816 / SHOP / INC. / CTS · BEAUTY AIDS · 100% HUMAN HAIR ETC.
brooklyn,brooklyn__28__crop_001,TP,brooklyn__28__crop_001,shop=beauty,GALAXY,shop=beauty,GALAXY / SHOP / BEAUTY / INC.
brooklyn,brooklyn__28__crop_002,FP,,,,office=company,©2024 Google
brooklyn,brooklyn__29__crop_001,TP,brooklyn__29__crop_001,shop=supermarket,CROWN DISCOUNT STORE,shop=supermarket,CROWN / DISCOUNT / STORE / & 99¢ / SCHOOL SUPPLIES • HOUSEWARE • KITCHEN NEEDS / HOUSEWARE
brooklyn,brooklyn__3__crop_001,TP,brooklyn__3__crop_001,shop=laundry,Dynamic Duo,shop=laundry,Dynamic Duo / LAUNDROMAT / DROP OFF & SELF SERVICE 610 NOSTRAND AVE / DROP OFF & SELF SERVICE
brooklyn,brooklyn__30__crop_001,TP,brooklyn__30__crop_002,shop=supermarket,SHORTY CANDY,shop=convenience,CANDY / SHORTY CANDY / SHORTY
brooklyn,brooklyn__30__crop_002,TP,brooklyn__30__crop_001,,TR,shop=convenience,TR / STORE
brooklyn,brooklyn__31__crop_001,TP,brooklyn__31__crop_002,,Golden Krust,amenity=restaurant,Golden Krust / CARIBBEAN BAKERY & GRILL
brooklyn,brooklyn__31__crop_002,FP,,,DELI & GRILL,shop=convenience,GRILL / DELI & GRILL / Cold Beverages Organic Products Coffee & Pastries Gourmet Sandwiches
brooklyn,brooklyn__31__crop_003,FP,,,Golden Krus,amenity=fast_food,Golden / Krus
brooklyn,brooklyn__32__crop_001,TP,brooklyn__32__crop_003,shop=bakery,DUNKIN' DONUTS,amenity=fast_food,DUNKIN' / DD / DONUTS
brooklyn,brooklyn__32__crop_002,FP,,,,office=company,© 2024 Google / Google Earth
brooklyn,brooklyn__32__crop_003,TP,brooklyn__32__crop_001,amenity=restaurant,SAL'S,amenity=restaurant,We Serve Halal Food / 810 / SAL'S / RESTAURANT / Breakfast Served All Day
brooklyn,brooklyn__32__crop_004,TP,brooklyn__32__crop_002,amenity=bar,EASTERN & FRANKLIN,shop=convenience,EASTERN & FRANKLIN / WINES & LIQUORS
brooklyn,brooklyn__33__crop_001,TP,brooklyn__33__crop_001,amenity=bank,CapitalOne Bank,amenity=bank,CapitalOne Bank
brooklyn,brooklyn__34__crop_001,TP,brooklyn__34__crop_002,amenity=bar,Juice Bar & Candy,amenity=fast_food,Juice Bar / & / Candy
brooklyn,brooklyn__34__crop_002,TP,brooklyn__34__crop_001,amenity=restaurant,Royal Yard,amenity=restaurant,Royal Yard Food / Royal
brooklyn,brooklyn__35__crop_001,TP,brooklyn__35__crop_001,amenity=cafe,STARBUCKS,amenity=cafe,STARBUCKS / COFFEE
brooklyn,brooklyn__35__crop_002,FP,,,BEN NY'S,shop=hairdresser,BEN / BARBER / NY'S / SHOP & SALON / 718-637-1200
brooklyn,brooklyn__35__crop_003,FP,,,STARBUCKS,amenity=cafe,STARBUCKS / COFFEE
brooklyn,brooklyn__36__crop_001,TP,brooklyn__36__crop_002,shop=hairdresser,Jun Nail Salon,shop=beauty,Jun Nail / Salon / Inc. / NAIL CARE & WAXING
brooklyn,brooklyn__36__crop_002,TP,brooklyn__36__crop_001,amenity=restaurant,EL BARRIO BURRITOS,amenity=fast_food,EL BARRIO / BURRITOS / MEXI · CALI · GRILL / 796A EL BARRIO BURRITOS 718.576.6611
brooklyn,brooklyn__37__crop_001,TP,brooklyn__37__crop_001,office=estate_agent,E. MARTIN,office=estate_agent,COMMERCIAL E. MARTIN RESIDENTIAL / SALES & RENTALS / APARTMENTS · STORES · HOMES & LAND
brooklyn,brooklyn__37__crop_002,TP,brooklyn__37__crop_002,shop=convenience,GRILL & DELI,shop=convenience,GRILL / & DELI
brooklyn,brooklyn__39__crop_001,FP,,,PURE HEALTH,amenity=pharmacy,PURE HEALTH / PHARMACY LLC
brooklyn,brooklyn__39__crop_002,FP,,,OM,office=company,OM / 3
brooklyn,brooklyn__4__crop_001,TP,brooklyn__4__crop_001,shop=supermarket,market Corp.,shop=supermarket,market Corp. / Supermarket / Superm / Supermarket
brooklyn,brooklyn__4__crop_002,FP,,,612 Supermarket,shop=smoke_shop,612 Supermarket / SuperMarket / Corp.
brooklyn,brooklyn__4__crop_003,FP,,,,amenity=restaurant,
brooklyn,brooklyn__40__crop_001,FP,,,VOTES,amenity=bar,V / VOTES / Bar
brooklyn,brooklyn__41__crop_001,TP,brooklyn__41__crop_001,shop=laundry,FRANKLIN EXPRESS,shop=laundry,FRANKLIN / EXPRESS / LAUNDRY CENTER
brooklyn,brooklyn__42__crop_001,TP,brooklyn__42__crop_001,amenity=bar,Bagel Pub,amenity=fast_food,Bagel Pub
brooklyn,brooklyn__43__crop_001,TP,brooklyn__43__crop_001,,Breukelen Coffee House,amenity=cafe,Breukelen / Coffee House
brooklyn,brooklyn__43__crop_002,FP,,,,amenity=restaurant,
brooklyn,brooklyn__44__crop_001,TP,brooklyn__44__crop_001,shop=supermarket,SJ MARKET,shop=convenience,SJ MARKET / 769
brooklyn,brooklyn__45__crop_001,TP,brooklyn__45__crop_002,,Douglas Elliman,office=estate_agent,PROPERTY FOR SALE / Douglas Elliman / Jerry Minsky Jason Abrishami / MA
brooklyn,brooklyn__45__crop_002,TP,brooklyn__45__crop_001,amenity=restaurant,HAPPY WOK,amenity=fast_food,WOK / HAPPY / CHINESE FOOD EAT IN & TAKE OUT / 762 FRANKLIN AVE. TEL:718-622-3396
brooklyn,brooklyn__46__crop_001,FP,,,,amenity=restaurant,
brooklyn,brooklyn__46__crop_002,TP,brooklyn__46__crop_001,office=estate_agent,NOOKLYN,office=estate_agent,NOOKLYN
brooklyn,brooklyn__47__crop_001,TP,brooklyn__47__crop_001,,Douglas Elliman,office=estate_agent,PROPERTY / FOR SALE / Douglas Elliman / Douglas Elliman / Jerry Minsky / Jason Abrishami
brooklyn,brooklyn__47__crop_002,FP,,,MISC,amenity=restaurant,MISC
brooklyn,brooklyn__48__crop_001,TP,brooklyn__48__crop_002,shop=convenience,DELI & GROCERY,shop=convenience,458 3rd Ave. / DELI & GROCERY / SODA BEER COFFEE BAGELS SANDWICHES CIGARETTES / LOTTO FREE DELIVERY 718 369-0397 LOTTO
brooklyn,brooklyn__48__crop_002,TP,brooklyn__48__crop_001,amenity=restaurant,Maria & Tony,amenity=restaurant,Maria & Tony RESTAURANT / FREE DELIVERY SPANISH FOOD OPEN 7 DAYS
brooklyn,brooklyn__49__crop_001,TP,brooklyn__49__crop_001,amenity=car_rental,enterprise,amenity=car_rental,enterprise / rent-a-car
brooklyn,brooklyn__49__crop_002,TP,brooklyn__49__crop_002,amenity=car_rental,enterprise,amenity=car_rental,enterprise / rent-a-car
brooklyn,brooklyn__5__crop_001,TP,brooklyn__5__crop_001,shop=bakery,ROYAL ROTI BAKERY & ROTI,amenity=fast_food,ROYAL / ROTI / BAKERY & ROTI / ROTI / INC.
brooklyn,brooklyn__5__crop_002,TP,brooklyn__5__crop_002,shop=jewelry,Nostrand Gold Dealers,shop=jewelry,"Nostrand / Gold Dealers / 577 WE PAY TOP DOLLAR / 577 / We Buy & Sell Gold, Diamond, Silver"
brooklyn,brooklyn__50__crop_001,FP,,,HEROS,shop=convenience,GROCERY / HEROS
brooklyn,brooklyn__50__crop_002,TP,brooklyn__50__crop_001,amenity=restaurant,THE NEW ATLANTIC,amenity=restaurant,THE NEW ATLANTIC Restaurant / SPANISH & AMERICAN CUISINE
brooklyn,brooklyn__50__crop_003,FP,,,THE NEW ATLANTIC,amenity=restaurant,THE NEW ATLANTIC Restaurant / SPANISH & AMERICAN CUISINE
brooklyn,brooklyn__51__crop_001,TP,brooklyn__51__crop_001,amenity=car_rental,Enterprise,amenity=car_rental,Enterprise / rent-a-car
brooklyn,brooklyn__52__crop_001,TP,brooklyn__52__crop_001,office=company,State Farm,office=company,State Farm / Dean Zupo deanzupo.com
brooklyn,brooklyn__52__crop_002,FP,,,FERR COLLIS,shop=laundry,FERR / R. / 788-6288 / R. / COLLIS
brooklyn,brooklyn__53__crop_001,TP,brooklyn__53__crop_001,,Four & Twenty Blackbirds,amenity=restaurant,Four & Twenty Blackbirds / 439
brooklyn,brooklyn__54__crop_001,TP,brooklyn__54__crop_001,shop=car_repair,R. FERRARO,shop=car_repair,R. / FERRARO / COMPLETE / BODY / COLLISION / WORK
brooklyn,brooklyn__54__crop_002,TP,brooklyn__54__crop_002,amenity=bar,CAROUSEL,amenity=bar,BEER / CAROUSEL / SODA / BEVERAGES / OPEN TO THE PUBLIC
brooklyn,brooklyn__54__crop_003,FP,,,te Farm,office=company,te Farm / do.com
brooklyn,brooklyn__55__crop_001,TP,brooklyn__55__crop_001,amenity=restaurant,MIGHTY QUINN'S,amenity=restaurant,MIGHTY / QUINN'S / Slow Smoked / Barbeque
brooklyn,brooklyn__55__crop_002,FP,,,TO,office=company,3 / TO
brooklyn,brooklyn__56__crop_001,TP,brooklyn__56__crop_001,,CAROUSEL BEVERAGES,amenity=bar,718 499-7462 ICE / OPEN TO / THE PUBLIC / CAROUSEL BEVERAGES FREE / Miller / Heineken Lite
brooklyn,brooklyn__57__crop_001,TP,brooklyn__57__crop_001,amenity=bar,CAROUSEL,amenity=bar,BEER / OPEN TO THE PUBLIC / CAROUSEL / SODA / BEVERAGES WATER / ICE / THE
brooklyn,brooklyn__57__crop_002,TP,brooklyn__57__crop_002,,CAROUSEL BEVERAGES,amenity=bar,OPEN TO / THE PUBLIC / CAROUSEL BEVERAGES / Miller AMSTEL light Bass / Heineken Lite
brooklyn,brooklyn__57__crop_003,TP,brooklyn__57__crop_003,leisure=fitness_centre,Powerplay,leisure=fitness_centre,GYMNASTICS / pp / Powerplay / play / powerplaykids.com / DELIVERY / 432
brooklyn,brooklyn__58__crop_001,TP,brooklyn__58__crop_001,leisure=fitness_centre,Powerplay,leisure=fitness_centre,Powerplay / Powerplay / powerplaykids.com / ACTIVITY / CENTER
brooklyn,brooklyn__58__crop_002,FP,,,ISELBEVERAGES.COM,shop=convenience,FREE DELIVERY / GUINNESS / Presidente / EXTRA STOUT / ISELBEVERAGES.COM
brooklyn,brooklyn__59__crop_001,FP,,,"NEW MILLENNIUM MOTORS, INC",shop=car_repair,"GROUP ACTIVITIES / 80 / NEW MILLENNIUM / NEW MILLENNIUM MOTORS, INC / 718-788-2686 AUTO SERVICE CENTER • COMPLETE BODY W"
brooklyn,brooklyn__59__crop_002,TP,brooklyn__59__crop_001,shop=car_repair,"NEW MILLENNIUM MOTORS, INC.",shop=car_repair,"NEW / MILLENNIUM / MOTORS, INC. / AUTO SERVICE CENTER • COMPLETE BODY WORK / 428-436 3RD AVE."
brooklyn,brooklyn__59__crop_003,FP,,,"NEW MILLENNIUM MOTORS, INC.",shop=car_repair,"NEW / MILLENNIUM / MOTORS, INC. / AUTO SERVICE CENTER • COMPLETE BODY WORK / 428-436 3RD AVE."
brooklyn,brooklyn__6__crop_001,TP,brooklyn__6__crop_001,,E.T.A UNIVERSAL OUTREACH,office=company,E.T.E.T.A / UNIVERSAL / OUTREACH / In mem / memory of Ella Theresa / Arnold / 577A Nostrand Ave For Further Inquiries Co
brooklyn,brooklyn__6__crop_002,FP,,,E.T.A UNIVERSAL OUTREACH,office=company,E.T.E.T.A / UNIVERSAL / OUTREACH / In memory of Ella Theresa Arnold / 577A Nostrand Ave For Further Inquiries Cories Con
brooklyn,brooklyn__60__crop_001,TP,brooklyn__60__crop_001,leisure=fitness_centre,Powerplay,leisure=fitness_centre,Powerplay / ACTIVITY CENTER / ACTIVITY
brooklyn,brooklyn__60__crop_002,TP,brooklyn__60__crop_004,office=estate_agent,RISE MENT,office=company,RISE / RISE / MENT / DEVELOPMENT / NEW M
brooklyn,brooklyn__60__crop_003,FP,,,Powerplay,leisure=fitness_centre,Powerplay / ACTIVITY CENTER / ACTIVITY CENTER
brooklyn,brooklyn__60__crop_004,TP,brooklyn__60__crop_002,,,shop=convenience,WATER / BEVERAGES / ICE / CAR / BEVERAGES
brooklyn,brooklyn__61__crop_001,TP,brooklyn__61__crop_001,office=company,DONATO,shop=hardware,PLUMBING & / HEATING / DONATO / COMMERCIAL RESIDENTIAL
brooklyn,brooklyn__62__crop_001,TP,brooklyn__62__crop_001,amenity=pharmacy,Franklin & Carroll,amenity=pharmacy,DRUG / STORE / Franklin & Carroll / Pharmacy Dept Within
brooklyn,brooklyn__63__crop_001,TP,brooklyn__63__crop_001,amenity=restaurant,Brothers,amenity=restaurant,Brothers / FOOD / CENTER / LinkNYC
brooklyn,brooklyn__64__crop_001,TP,brooklyn__64__crop_001,shop=hairdresser,BEAUTY SALON,shop=beauty,BEAUTY SALON
brooklyn,brooklyn__65__crop_001,TP,brooklyn__65__crop_001,amenity=fast_food,New HARDEE,amenity=fast_food,CHINESE & / New HARDEE / AMERICAN / FOOD TO TAKE OUT / CHICKEN-SEAFOOD-SALAD-BURGER-CHEESESTEAK-CHINESE FOOD-COLD DRINK
brooklyn,brooklyn__66__crop_001,TP,brooklyn__66__crop_002,shop=supermarket,MOZEB,shop=convenience,MOZEB / 871
brooklyn,brooklyn__66__crop_002,TP,brooklyn__66__crop_001,shop=convenience,DELI INC.,shop=convenience,DELI / INC.
brooklyn,brooklyn__66__crop_003,FP,,,ONE WAY,office=company,ONE WAY
brooklyn,brooklyn__67__crop_001,TP,brooklyn__67__crop_001,,HAIR DESIGNS,shop=hairdresser,HAIR DESIGNS / Complete Hair Care 718-735-4730
brooklyn,brooklyn__68__crop_001,TP,brooklyn__68__crop_001,shop=hairdresser,JERRY CURLS,shop=hairdresser,Hair UNISEX SALON / JERRY CURLS · RELAXER / We Are / Ph. 718-773-5094
brooklyn,brooklyn__68__crop_002,TP,brooklyn__68__crop_002,amenity=clinic,Franklin,shop=optician,Franklin / Eyecare / tel: (718) 604-1002 / fax: (718) 604-1027
brooklyn,brooklyn__68__crop_003,FP,,,S,amenity=restaurant,S / DELIVERY / -2270
brooklyn,brooklyn__69__crop_001,TP,brooklyn__69__crop_001,shop=beauty,AMY UNIQUE NAILS INC.,shop=beauty,AMY UNIQUE NAILS INC. / PROFESSIONAL NAIL CARE & DESIGNS / 839 Franklin Ave.
brooklyn,brooklyn__69__crop_002,TP,brooklyn__69__crop_003,amenity=restaurant,Lemon Grass,amenity=fast_food,Lemon Grass / JAMAICAN CUISINE / THE TRUE JAMAICAN FLAVOR
brooklyn,brooklyn__69__crop_003,FP,,,008,shop=convenience,008
brooklyn,brooklyn__7__crop_001,TP,brooklyn__7__crop_001,,AUGENBAUM,office=estate_agent,1500 SQ. FT / AVAILABLE / SPACE / Call Josh 917.417.7834 AUGENBAUM / ARC
brooklyn,brooklyn__70__crop_001,TP,brooklyn__70__crop_001,amenity=fast_food,Juicy King Crab,amenity=restaurant,Juicy / King Crab / JUICY KING CRAB / JUICY / 837 CAJUN SEAFOOD RESTAURANT 718-
brooklyn,brooklyn__70__crop_002,TP,brooklyn__70__crop_002,amenity=fast_food,Juicy King Crab Express,amenity=fast_food,Juicy King Crab / Express / JUICY / KING / CRAB / Google / CAJUN SEAFOOD RESTAURANT / 718-584-6008
brooklyn,brooklyn__71__crop_001,TP,brooklyn__71__crop_001,shop=beauty,Golden 7 NAILS,shop=beauty,Golden 7 NAILS / 1433 FULTON ST PROFESSIONAL NAIL CARE
brooklyn,brooklyn__71__crop_002,FP,,,Meenu Waxing loft,shop=beauty,Meenu / Waxing loft / Meenu / 1435 FULTON ST. / THREADING . WAXING . FACIAL . DERMAPLANING . EYELASHES
brooklyn,brooklyn__72__crop_001,TP,brooklyn__72__crop_001,,The Gospel Den,amenity=bar,"Den / The Gospel / Unique Experience"""
brooklyn,brooklyn__73__crop_001,TP,brooklyn__73__crop_001,amenity=fast_food,POPEYES,amenity=fast_food,POPEYES
brooklyn,brooklyn__73__crop_002,TP,brooklyn__73__crop_002,shop=supermarket,Super Foodtown,shop=supermarket,Brook / Foodtown / Super Foodtown / Super
brooklyn,brooklyn__74__crop_001,TP,brooklyn__74__crop_002,,The Gospel Den,amenity=bar,Den / Gospel / The / Unique Experience
brooklyn,brooklyn__74__crop_002,TP,brooklyn__74__crop_001,,Waxing loft,shop=beauty,Waxing loft / Meenu / Fulton St. / 917 239 6701 / THREADING . WAXING . FACIAL . DERMAPLANING . EYELASHES . HEAD MASSAGE 
brooklyn,brooklyn__75__crop_001,TP,brooklyn__75__crop_002,shop=beauty,Modern Nails,shop=beauty,Modern / Nails / Brooklyn / Professional Nails Care / 1441 Fulton St.
brooklyn,brooklyn__75__crop_002,TP,brooklyn__75__crop_001,shop=clothes,NEXT LEVEL Fashions,shop=clothes,NEXT / LEVEL / Fashions / 1439
brooklyn,brooklyn__75__crop_003,FP,,,Upper Den,amenity=bar,Upper Den / . / Experience
brooklyn,brooklyn__76__crop_001,TP,brooklyn__76__crop_001,shop=beauty,Modern Nails Brooklyn,shop=beauty,Modern Nails Brooklyn / 1441 Fulton St. Professional Nails Care Tel: 917-966-4899
brooklyn,brooklyn__76__crop_002,FP,,,Blessed Min,amenity=fast_food,Blessed Min / 1443 SANDWICHES · FAST FOOD · COFFEE · SALAD BAR · JUICE
brooklyn,brooklyn__76__crop_003,FP,,,NEXT LEVEL fashions,shop=clothes,NEXT / LEVEL / fashions
brooklyn,brooklyn__77__crop_001,TP,brooklyn__77__crop_001,shop=beauty,Modern Nails,shop=beauty,Modern Nails / Brooklyn / 1441 Fulton St. Professional Nails Care / Tel: 917-966-4899
brooklyn,brooklyn__77__crop_002,TP,brooklyn__77__crop_002,shop=supermarket,Blessed Mini Market,shop=convenience,Blessed / Mini / Market / DELI / 1443 SANDWICHES · FAST FOOD / COFFEE · SALAD BAR · JUICES BAR & SMOOTHIES / ORGANIC 718
brooklyn,brooklyn__78__crop_001,TP,brooklyn__78__crop_001,shop=supermarket,"MNS 99 CENTS & UP, INC",shop=convenience,"MNS 99 CENTS / & UP, INC"
brooklyn,brooklyn__79__crop_001,TP,brooklyn__79__crop_001,shop=hairdresser,HAIR STUDIO,shop=hairdresser,HAIR STUDIO / BARBERS / HAIRSTYLISTS / HAIRBRAIDERS / LOCS
brooklyn,brooklyn__79__crop_002,FP,,,nt Inc.,office=company,nt / Inc. / 347-533-6011
brooklyn,brooklyn__79__crop_003,TP,brooklyn__79__crop_002,,THREE 24,shop=convenience,THREE 24 / DGS
brooklyn,brooklyn__8__crop_001,TP,brooklyn__8__crop_001,shop=beauty,New Orchid Salon,shop=beauty,New / Orchid Salon / NAILS / 622 Nostrand Ave Tel: (718) 363-1628
brooklyn,brooklyn__8__crop_002,FP,,,Coilz Natural Hair,shop=hairdresser,Coilz Natural Hair / 62nd Strand Ave coilznaturalhair TEL: 347-
brooklyn,brooklyn__80__crop_001,TP,brooklyn__80__crop_001,amenity=bar,FULTON ALE HOUSE,amenity=bar,WHISKEYS / FULTON / SPIRITS / ALE HOUSE
brooklyn,brooklyn__80__crop_002,TP,brooklyn__80__crop_003,shop=hairdresser,HAIR STUDIO,shop=hairdresser,HAIR STUDIO / BARBERS | HAIRSTYLISTS | HAIRBRAIDERS | LOCS
brooklyn,brooklyn__80__crop_003,TP,brooklyn__80__crop_002,amenity=restaurant,Soldier Restaurant Inc.,amenity=restaurant,Soldier Restaurant Inc. / 1444 FULTON ST. / Buffet
brooklyn,brooklyn__80__crop_004,FP,,,Soldier Restaurant Inc.,amenity=restaurant,Soldier Restaurant Inc. / 1444 FULTON ST. / Buffet
brooklyn,brooklyn__81__crop_001,TP,brooklyn__81__crop_001,shop=beauty,Oumou's BEAUTY SUPPLY,shop=beauty,Oumou's BEAUTY SUPPLY / 1961 Natural & BEAUTY
brooklyn,brooklyn__82__crop_001,TP,brooklyn__82__crop_001,,P.J's,shop=hairdresser,P.J's / A Full Service Salon Call 718 363-7800
brooklyn,brooklyn__83__crop_001,TP,brooklyn__83__crop_001,amenity=bar,FULTON ALE HOUSE,amenity=bar,WHISKEYS / FULTON / SPIRITS / ALE HOUSE
brooklyn,brooklyn__83__crop_002,TP,brooklyn__83__crop_002,amenity=restaurant,AGUSTO,amenity=restaurant,AGUSTO
brooklyn,brooklyn__83__crop_003,FP,,,Soldier,amenity=restaurant,Soldier / 144 FULTON ST.
brooklyn,brooklyn__84__crop_001,TP,brooklyn__84__crop_001,,BEDFORD-STUYVESANT FAMILY HEALTH CENTER,amenity=clinic,BEDFORD-STUYVESANT / FAMILY HEALTH CENTER
brooklyn,brooklyn__85__crop_001,TP,brooklyn__85__crop_001,,Brooklyn Legal Services,office=company,Brooklyn Legal Services / Corporation A
brooklyn,brooklyn__86__crop_001,TP,brooklyn__86__crop_001,,Brooklyn Legal Services,office=company,Brooklyn Legal Services / Corporation A
brooklyn,brooklyn__86__crop_002,TP,brooklyn__86__crop_002,amenity=fast_food,Domino's,amenity=fast_food,Domino's
brooklyn,brooklyn__87__crop_001,TP,brooklyn__87__crop_001,amenity=veterinary,,shop=pet,DOG DAYCARE
brooklyn,brooklyn__88__crop_001,TP,brooklyn__88__crop_001,shop=beauty,Blooming Brows,shop=beauty,Blooming Brows
brooklyn,brooklyn__89__crop_001,TP,brooklyn__89__crop_001,shop=beauty,Dreamer Nails,shop=beauty,Dreamer Nails / Inc. / 1487 Fulton St. SPA UV Gel Color Gel Tel: 718-221-8018
brooklyn,brooklyn__9__crop_001,TP,brooklyn__9__crop_001,amenity=restaurant,JOHN GARDEN,amenity=fast_food,JOHN GARDEN / 626 Chinese Food to Take out Tel:718-735-899
brooklyn,brooklyn__90__crop_001,TP,brooklyn__90__crop_001,amenity=post_office,MULTISERVICES,amenity=post_office,MULTISERVICES / AR POSTAL / PHOTO COPY • PRINT / SHIPPING
brooklyn,brooklyn__90__crop_002,TP,brooklyn__90__crop_002,,KOYA KOYA,shop=clothes,CUSTOM TAILORING KOYA KOYA / CUSTOM / BY MOUSSA / ALTERATION / EXPERT ALTERATIONS
brooklyn,brooklyn__91__crop_001,TP,brooklyn__91__crop_001,shop=hairdresser,SOGHO EXPRESS AFRICAN,shop=hairdresser,EXPRESS AFRICAN / SOGHO EXPRESS AFRICAN / HAIR / BRAIDING
brooklyn,brooklyn__91__crop_002,TP,brooklyn__91__crop_002,,KOYA,shop=clothes,KOYA / CUSTOM TAILORING / BY MOUSSA / ALTERATION / EXPERT / ALTERATIONS
brooklyn,brooklyn__91__crop_003,TP,brooklyn__91__crop_003,,SOGHO EXPRESS AFRICAN,shop=hairdresser,SOGHO / EXPRESS AFRICAN / HAIR / BRAIDING / WALK-IN WELCOME
brooklyn,brooklyn__92__crop_001,TP,brooklyn__92__crop_001,,1490 Convenience,shop=convenience,1490 / 1490 Convenience / SNACKS - SODA - HOT & COLD DRINKS - ATM & MORE...
brooklyn,brooklyn__92__crop_002,TP,brooklyn__92__crop_002,shop=beauty,NAIL,shop=beauty,NAIL
brooklyn,brooklyn__92__crop_003,FP,,,1490,shop=convenience,1490 / 1490 / 1490
brooklyn,brooklyn__93__crop_001,TP,brooklyn__93__crop_001,shop=hairdresser,AMINATA,shop=hairdresser,AMINATA / BRAIDING • STYLING / AND UNISEX HAIR SALON / OPEN 7 DAYS A WEEK
brooklyn,brooklyn__93__crop_002,FP,,,Original RICK,amenity=restaurant,Original / RICK / JAMAICAN AMERICAN REST
brooklyn,brooklyn__94__crop_001,TP,brooklyn__94__crop_002,amenity=restaurant,NEW PEOPLE'S,amenity=restaurant,NEW PEOPLE'S / RESTAURANT / CHINESE FOOD TO TAKE OUT
brooklyn,brooklyn__94__crop_002,TP,brooklyn__94__crop_001,amenity=restaurant,RICKY'S,amenity=restaurant,Original / 1503 / RICKY'S / JAMAICAN AMERICAN / RESTAURANT
brooklyn,brooklyn__94__crop_003,TP,brooklyn__94__crop_003,shop=hardware,FULTON HOME CENTER,shop=hardware,FULTON HOME CENTER / HARDWARE / & DISCOUNT
brooklyn,brooklyn__95__crop_001,TP,brooklyn__95__crop_002,shop=hardware,FULTON HOME CENTER,shop=hardware,FULTON HOME CENTER WE CUT SHADES / HARDWARE / & DISCOUNT
brooklyn,brooklyn__95__crop_002,TP,brooklyn__95__crop_001,amenity=restaurant,NEW PEOPLE'S RESTAURANT,amenity=restaurant,NEW PEOPLE'S RESTAURANT / CHINESE FOOD TO TAKE OUT / TAKE OUT
brooklyn,brooklyn__96__crop_001,TP,brooklyn__96__crop_001,shop=convenience,Rockaway GOURMET DELI & GRILL,amenity=restaurant,Rockaway GOURMET DELI & GRILL
brooklyn,brooklyn__97__crop_001,TP,brooklyn__97__crop_003,shop=convenience,Rockaway GOURMET DELI & GRILL,amenity=restaurant,Rockaway / GOURMET DELI & GRILL
brooklyn,brooklyn__97__crop_002,TP,brooklyn__97__crop_002,shop=beauty,New Pro Nails,shop=beauty,New Pro / NAILS / Inc. / 1494 Fulton 718-467-5516
brooklyn,brooklyn__97__crop_003,TP,brooklyn__97__crop_001,shop=beauty,K&M,shop=beauty,K&M / Google / BEALITY SUPPLY / INC.
brooklyn,brooklyn__98__crop_001,FP,,,HIGH UNIVERSE,amenity=cafe,tohsTanEs / 9 / HIGH / UNIVERSE
brooklyn,brooklyn__98__crop_002,TP,brooklyn__98__crop_001,shop=supermarket,BARGAINLAND,shop=clothes,DEPARTMENT STORES / BARGAINLAND DEPARTMENT / BARGAINLAND
brooklyn,brooklyn__98__crop_003,TP,brooklyn__98__crop_003,shop=beauty,New Pro NAILS Inc.,shop=beauty,New Pro / NAILS Inc. / 1494 Fulton
brooklyn,brooklyn__98__crop_004,TP,brooklyn__98__crop_002,shop=beauty,K&M,shop=beauty,K&M / Google / BEAUTY SUPPLY INC.
brooklyn,brooklyn__98__crop_005,FP,,,haTE,amenity=restaurant,Se / 89 / 89 / ¢ / 9¢ / ox 0 / haTE
brooklyn,brooklyn__99__crop_001,FP,,,SUN F,shop=supermarket,SUN / SUN F / 1513 WHOLESALE
brooklyn,brooklyn__99__crop_002,TP,brooklyn__99__crop_001,,Mbadinga's VIP,shop=beauty,Mbadinga's VIP / Mbadinga's / UNISEX SALON • AFRICAN BRAIDING / TEL: 718-221-8001
suwon,suwon__1__crop_001,TP,suwon__1__crop_001,amenity=ice_cream,baskin BR robbins,amenity=ice_cream,baskin BR robbins / TM
suwon,suwon__1__crop_002,TP,suwon__1__crop_003,,이남구 자동차,shop=car_repair,이남구 자동차 / 246-1711 / 제품문의 031-234-7740 / P
suwon,suwon__10__crop_001,TP,suwon__10__crop_002,,Burjwa,amenity=restaurant,Bur / Burjwa / jwa
suwon,suwon__10__crop_002,TP,suwon__10__crop_003,amenity=cafe,ZOO COFFEE,amenity=cafe,도심속의 동물원 / ZOO COFFEE
suwon,suwon__10__crop_003,TP,suwon__10__crop_001,shop=convenience,ELEVEN,shop=convenience,ELEVEN / ©2019 Google
suwon,suwon__100__crop_001,TP,suwon__100__crop_001,amenity=restaurant,전주콩나물국밥,amenity=restaurant,일반음식점 / 예약문의 898-5509 / 시원하고 개운한 / 전주콩나물국밥
suwon,suwon__100__crop_002,FP,,,전주동국밥,amenity=restaurant,전주동국밥 / 숯불남문 / 남문 / 남 / 학영교 / LN
suwon,suwon__11__crop_001,TP,suwon__11__crop_001,shop=beauty,천사네일,shop=beauty,아이폰 수리 / www.1004 / Future in the Nail / 천사네일 / 수원네일센타 천사네일 수원점(103호) T. 031-257-4041
suwon,suwon__12__crop_001,TP,suwon__12__crop_001,shop=hairdresser,JS미용재료,shop=beauty,JS미용재료 / T. 254-7722
suwon,suwon__13__crop_001,TP,suwon__13__crop_002,amenity=restaurant,벽나은감자탕,amenity=restaurant,AX / 벽나은감자탕 / 은감자탕 / MT
suwon,suwon__13__crop_002,TP,suwon__13__crop_001,shop=bakery,Chou,shop=bakery,Chou / Cake House
suwon,suwon__14__crop_001,TP,suwon__14__crop_001,amenity=internet_cafe,에이스 PC,amenity=internet_cafe,에이스 PC / 스포츠토토·바둑이·포커·고스톱
suwon,suwon__15__crop_001,TP,suwon__15__crop_001,shop=hairdresser,커리어 헤어 디자인,shop=hairdresser,HAIR 커리어 헤어 디자인 / 커리어 / CARE / 피부예약상담 / Beauty for you
suwon,suwon__15__crop_002,FP,,,호텔 한 E 텔,tourism=hotel,호텔 / 한 / E / 텔
suwon,suwon__16__crop_001,TP,suwon__16__crop_001,amenity=parking,골드문주차장,amenity=parking,골드문주차장
suwon,suwon__17__crop_001,TP,suwon__17__crop_001,amenity=bar,포장마차,amenity=bar,포장마차 / 마치 / 야광
suwon,suwon__18__crop_001,TP,suwon__18__crop_001,shop=laundry,삼정세탁,shop=laundry,삼정세탁
suwon,suwon__19__crop_001,FP,,,권은,office=company,권은 / T6-8
suwon,suwon__19__crop_002,TP,suwon__19__crop_001,shop=clothes,이지비아,shop=clothes,이지비아 / Total fashion / Google
suwon,suwon__2__crop_001,TP,suwon__2__crop_003,shop=mobile_phone,WORLD,office=company,WORLD
suwon,suwon__2__crop_002,TP,suwon__2__crop_004,amenity=karaoke_box,LaLa COIN,amenity=karaoke_box,LaLa / COIN
suwon,suwon__2__crop_003,TP,suwon__2__crop_001,,,shop=mobile_phone,장례식장 / 가입문의 / 즉시개통
suwon,suwon__2__crop_004,TP,suwon__2__crop_002,shop=mobile_phone,WORLD,office=company,WORLD
suwon,suwon__2__crop_005,FP,,,SK telecom,shop=mobile_phone,SK telecom / 공식 인증 대리점
suwon,suwon__2__crop_006,FP,,,WORLD,shop=mobile_phone,SK telecom / WORLD
suwon,suwon__20__crop_001,TP,suwon__20__crop_001,amenity=pharmacy,권약국,amenity=pharmacy,권약국
suwon,suwon__20__crop_002,TP,suwon__20__crop_002,amenity=pharmacy,권약국,amenity=pharmacy,권약국 / T6-8490
suwon,suwon__20__crop_003,FP,,,타이 나관,amenity=restaurant,타이 / 최 / 나관
suwon,suwon__21__crop_001,TP,suwon__21__crop_001,amenity=restaurant,태평갈매기,amenity=restaurant,태평갈매기 / 일반음식점
suwon,suwon__22__crop_001,FP,,,하늬,shop=beauty,하늬 / 달려라! 하늬 / 화장품·향수
suwon,suwon__23__crop_001,TP,suwon__23__crop_001,amenity=cafe,백학다방,amenity=cafe,백학다방 / T.256-7781 지하
suwon,suwon__24__crop_001,TP,suwon__24__crop_001,,예일음악사,shop=mobile_phone,SPEED 011 / 이동통신 / OneShot 018 / 신세기통신 예일음악사 / LG 019 PCS / T. 255-5538
suwon,suwon__25__crop_001,TP,suwon__25__crop_001,amenity=cafe,로맨틱 커피숍,amenity=cafe,로맨틱 커피숍 / 커피숍 / 맥주 / 호프
suwon,suwon__25__crop_002,TP,suwon__25__crop_002,amenity=pharmacy,니모,amenity=pharmacy,니모 / 모범약국
suwon,suwon__26__crop_001,TP,suwon__26__crop_001,tourism=hotel,조이,tourism=hotel,조이모텔 / 조이
suwon,suwon__27__crop_001,FP,,,슬민,office=company,즉 / 슬민
suwon,suwon__27__crop_002,TP,suwon__27__crop_001,amenity=fast_food,한일통닭,amenity=restaurant,© 2021 Google / 한일통닭
suwon,suwon__28__crop_001,TP,suwon__28__crop_001,amenity=restaurant,설미순대국,amenity=restaurant,1 / 설미순대국 / 설인 / OL / T.254-7478
suwon,suwon__28__crop_002,FP,,,,shop=hardware,가스 주입 / 천장형 에어컨
suwon,suwon__28__crop_003,FP,,,한일동,office=company,© 2021 Google / 한일동
suwon,suwon__29__crop_001,TP,suwon__29__crop_001,tourism=hotel,MALU,tourism=hotel,MALU / HOTEL
suwon,suwon__3__crop_001,FP,,,상록,amenity=restaurant,상록 / 고객의 건강을 생각하는 상록 FC / 왕해물
suwon,suwon__3__crop_002,FP,,,돼랑,amenity=restaurant,돼랑 / 돼랑
suwon,suwon__3__crop_003,TP,suwon__3__crop_001,amenity=restaurant,돼랑,amenity=restaurant,"돼랑 / KBS ""생방송 세상의아침"" / 생방송세 / 돼랑 / 차갈의"
suwon,suwon__31__crop_001,TP,suwon__31__crop_001,amenity=restaurant,두부해물마을,amenity=restaurant,두부해물마을 / 최가네 / 단체예약환영
suwon,suwon__32__crop_001,TP,suwon__32__crop_001,amenity=restaurant,신바람돼지주물럭,amenity=restaurant,연회석완비 / 신바람돼지주물럭 / 신바람돼지주 / 일반음식점
suwon,suwon__33__crop_001,TP,suwon__33__crop_001,shop=car_repair,동수원모터스,shop=motorcycle,하우주 스즈키 수원대리점 / W / 동수원모터스 T.211-7120 SUZUKI
suwon,suwon__33__crop_002,FP,,,가마솥,amenity=restaurant,가마솥 / D / T.217
suwon,suwon__33__crop_003,FP,,,동수원모터스,shop=motorcycle,W 하우주 스즈키 수원대리점 / 동수원모터스 T.211-7120 SUZUKI
suwon,suwon__34__crop_001,TP,suwon__34__crop_001,amenity=restaurant,예감!,amenity=restaurant,www.jokgalbi.co.kr / 예감! / 쪽갈비전문점 / 쪽갈비전 / 매탄점 일반음식점
suwon,suwon__35__crop_001,TP,suwon__35__crop_001,amenity=restaurant,용인 전통 순대국,amenity=restaurant,24시 / 용인 / 전통 순대국 / 매탄점 031-213-5279
suwon,suwon__36__crop_001,TP,suwon__36__crop_001,amenity=restaurant,대구반야월막창,amenity=restaurant,대구에서 왔습니다! / 대구반야월막창 / 매탄점
suwon,suwon__36__crop_002,TP,suwon__36__crop_002,amenity=bar,노래하는 포장마차,amenity=bar,"노래하는 포장마차 / 지하철 / 호프, 소주, 막걸리, 맥주"
suwon,suwon__37__crop_001,TP,suwon__37__crop_001,amenity=restaurant,미가락,amenity=restaurant,미가락
suwon,suwon__37__crop_002,TP,suwon__37__crop_002,amenity=restaurant,육회한 남자,amenity=restaurant,吳 / 육회한 남자 / 味吳印家
suwon,suwon__37__crop_003,FP,,,,office=building,지도(제목 없음) / 지도에 대한 설명을 입력하세요.
suwon,suwon__37__crop_004,FP,,,빙어나라,amenity=restaurant,빙어나라 / www.ikanara.com 세인
suwon,suwon__37__crop_005,FP,,,정육식당,amenity=restaurant,정육식당 / T.2 / Meat / Restaurant
suwon,suwon__38__crop_001,TP,suwon__38__crop_001,,우리가사랑하는동네,amenity=cafe,우리가사랑하는동네 / M
suwon,suwon__39__crop_001,TP,suwon__39__crop_001,amenity=restaurant,형제감자탕,amenity=restaurant,형제감자탕 / 형제감자탕 / 031-214-3716
suwon,suwon__4__crop_001,TP,suwon__4__crop_001,,동태탕 왕해물찜,amenity=restaurant,동태탕 / 왕해물찜 / T. 252-0678
suwon,suwon__40__crop_001,TP,suwon__40__crop_001,amenity=bar,Bobos,amenity=bar,BAR / Bobos
suwon,suwon__41__crop_001,TP,suwon__41__crop_001,amenity=restaurant,한라돈,amenity=restaurant,한라돈 / 단체예약: 215-9662
suwon,suwon__41__crop_002,FP,,,,amenity=restaurant,
suwon,suwon__41__crop_003,FP,,,구전호프,amenity=bar,구전호프 / PALACE HOP
suwon,suwon__42__crop_001,TP,suwon__42__crop_003,amenity=restaurant,아리랑,amenity=bar,횟즙 / 춤 / 아리랑 / 빈대떡
suwon,suwon__42__crop_002,TP,suwon__42__crop_001,amenity=bar,Bobos,amenity=bar,BAR / Bobos
suwon,suwon__42__crop_003,TP,suwon__42__crop_002,amenity=restaurant,독리아 쪽보쌈,amenity=restaurant,독리아 쪽보쌈
suwon,suwon__43__crop_001,TP,suwon__43__crop_001,amenity=restaurant,통큰해물,amenity=restaurant,통큰해물 / T.215-1188
suwon,suwon__44__crop_001,TP,suwon__44__crop_001,amenity=cafe,세렌디피티,amenity=cafe,셀프 / 빨래방 / Coffee / Sandwich / Take-out / 세렌디피티 / serendipity
suwon,suwon__44__crop_002,FP,,,만화방,shop=books,만화방 / 매탄점
suwon,suwon__45__crop_001,TP,suwon__45__crop_002,amenity=restaurant,부부식당,amenity=restaurant,부부식당 / (구.부부분식) 212-5563 일반음식점
suwon,suwon__45__crop_002,TP,suwon__45__crop_001,amenity=restaurant,여왕통골뱅이,amenity=restaurant,여왕통골뱅이 / T. 212-3382
suwon,suwon__45__crop_003,FP,,,,office=company,사무소 / 숙
suwon,suwon__46__crop_001,TP,suwon__46__crop_002,shop=hairdresser,Day,shop=hairdresser,디자인 컷 / 클리닉펌 / Hair / Day
suwon,suwon__46__crop_002,TP,suwon__46__crop_001,amenity=restaurant,김밥친구,amenity=restaurant,24 / 김밥친구 / 시영업 / 김밥 친구 군 김밥 친구 양
suwon,suwon__47__crop_001,TP,suwon__47__crop_002,office=estate_agent,굿모닝,office=estate_agent,공인중개사 / 굿모닝 / 사무소 / 등록번호:가3682-1400대표:박경은 / T.217-0030
suwon,suwon__48__crop_001,TP,suwon__48__crop_001,amenity=restaurant,황소고집,amenity=restaurant,황소고집 / 한우곱창구이전문점 / 한우곱창 / 한우 / 창업문의 (031)216-8253 T.031-8002-8523
suwon,suwon__48__crop_002,TP,suwon__48__crop_002,amenity=restaurant,또또,amenity=restaurant,숯불구이 맛 / 또 / 또 / 불날개 닭발 / 치 / 킨 / 포장·배달 213-8792
suwon,suwon__49__crop_001,TP,suwon__49__crop_001,shop=hardware,세진상사,shop=hardware,전기 / 전철물 / 세진상사 / 기물 / 건축자재
suwon,suwon__50__crop_001,TP,suwon__50__crop_002,shop=beauty,지지베네일,shop=beauty,G.G.Be / G.G / 지지베네일 / cafe.naver.ggbenail T.216-2585
suwon,suwon__50__crop_002,TP,suwon__50__crop_001,shop=hairdresser,조순 헤어샵,shop=hairdresser,조순 헤어샵 / 조순헤 / 조순헤어샵
suwon,suwon__51__crop_001,TP,suwon__51__crop_001,office=estate_agent,비전,office=estate_agent,비전 공인중개사 / 사무소
suwon,suwon__52__crop_001,TP,suwon__52__crop_001,shop=hairdresser,모나리자,shop=hairdresser,모나리자 / 미용실 / 2 F
suwon,suwon__53__crop_001,TP,suwon__53__crop_001,amenity=restaurant,수촌치킨,amenity=fast_food,FRIED&HOF / 수촌치킨 / SooChon / 수제치킨전문점 CHICREN 매산점 T. 248-3618
suwon,suwon__54__crop_001,TP,suwon__54__crop_001,amenity=restaurant,본촌만두,amenity=restaurant,본촌만두 / 괴냉면 / 본촌만두 / 가맹점문의 포장.배달 / T.302-7157 / 수원역1호점
suwon,suwon__55__crop_001,TP,suwon__55__crop_001,amenity=fast_food,동대문 엽기떡볶이,amenity=restaurant,때 / 불닭발 / 동대문 / 엽기떡볶이
suwon,suwon__56__crop_001,TP,suwon__56__crop_001,,삼아,shop=clothes,삼아 / 주단.이불 / 이불 / 버티칼 / 커텐 / / 혼수용품 / TEL.252-6686
suwon,suwon__57__crop_001,TP,suwon__57__crop_001,amenity=pharmacy,약,amenity=pharmacy,약
suwon,suwon__58__crop_001,TP,suwon__58__crop_002,amenity=restaurant,한솥,amenity=restaurant,한솥 / 따끈한 도시락 / T.258-0061
suwon,suwon__58__crop_002,TP,suwon__58__crop_001,shop=clothes,BYC,shop=clothes,역전BYC / BYC 비와이씨
suwon,suwon__58__crop_003,FP,,,,amenity=fast_food,수제치킨전문점
suwon,suwon__59__crop_001,FP,,,(주)이아이엔,office=company,4F (주)이아이엔 / TATTOO헤나 / 저수쿵룽 황금의집 남성컷 / 콩나물국밥 / 웰 치과
suwon,suwon__59__crop_002,FP,,,영광피,office=company,영광피 / TEL. 235-29
suwon,suwon__6__crop_001,FP,,,Food Depot,amenity=restaurant,즉 / 김밥 / Food Depot / FD프랜차이즈 / 가맹점 모집 225-8111 / TEL.
suwon,suwon__6__crop_002,FP,,,팡팡,amenity=bar,스트레스 / 팡팡 / 날려보자!!
suwon,suwon__6__crop_003,FP,,,,office=company,제외(세부보수)
suwon,suwon__6__crop_004,TP,suwon__6__crop_001,,노리존,amenity=internet_cafe,디스코팡팡 / 디스코 / NORI / ZONE / 노리존 / www.norizone.net
suwon,suwon__60__crop_001,TP,suwon__60__crop_001,amenity=pharmacy,한빛약국,amenity=pharmacy,한빛약국
suwon,suwon__60__crop_002,TP,suwon__60__crop_002,amenity=pharmacy,약,amenity=pharmacy,약
suwon,suwon__61__crop_001,TP,suwon__61__crop_002,amenity=restaurant,전수콩나물국밥,amenity=restaurant,콩나물국밥 / 콩나물국밥 / 헤어아토 전수콩나물국밥
suwon,suwon__61__crop_002,TP,suwon__61__crop_001,amenity=restaurant,전주콩나물 황금의집,amenity=restaurant,전주콩나물 황금의집 (주)이아이엔 / 나물 황금의집 / TATTOO헤나 / 콩나물국밥 수원행복직업소개 / 귀금속전문점 / 수원역점 244-9996 244-8348 2F 웰치과
suwon,suwon__62__crop_001,TP,suwon__62__crop_002,amenity=pharmacy,권약국,amenity=pharmacy,권약국
suwon,suwon__62__crop_002,TP,suwon__62__crop_001,amenity=pharmacy,권약국,amenity=pharmacy,권약국
suwon,suwon__63__crop_001,TP,suwon__63__crop_001,amenity=restaurant,산이내린밥상 고드레,amenity=restaurant,산.이.내.린.밥.상 고드레 밥집 / P / P산.이.내.린.밥.상
suwon,suwon__64__crop_001,TP,suwon__64__crop_001,amenity=restaurant,곤드레 밥집,amenity=restaurant,곤드레 밥집 / 산길
suwon,suwon__65__crop_001,TP,suwon__65__crop_001,office=estate_agent,마이홈 대우,office=estate_agent,마이홈 / 대우 / 공인중개사 / 오영참 사무소
suwon,suwon__65__crop_002,FP,,,건우,office=company,건우 / 공 / VALE
suwon,suwon__66__crop_001,TP,suwon__66__crop_001,office=estate_agent,대우 마이홈 오영창 사무소,office=estate_agent,대우 마이홈 / 공인중개사 / 오영창 사무소
suwon,suwon__66__crop_002,TP,suwon__66__crop_002,shop=clothes,명우,shop=car_repair,명우 / 구분 / VALENTI / 판금집 / 이매의 정밀 직수입
suwon,suwon__67__crop_001,FP,,,어부돈가,amenity=restaurant,어부돈가 / 보 / Korean Restaurant
suwon,suwon__68__crop_001,TP,suwon__68__crop_001,shop=clothes,VALENTI,shop=clothes,VALENTI 편집샵 / 이태리 명품 직수입 / 意大利名牌
suwon,suwon__68__crop_002,FP,,,마이홈,office=estate_agent,마이홈 / 공인중개사 / 오성동 사무소
suwon,suwon__69__crop_001,FP,,,업체,shop=car_repair,업체 / 사 / 정비
suwon,suwon__69__crop_002,TP,suwon__69__crop_001,shop=car_repair,신성,shop=car_repair,신성 / 자동차 / 정비 / 정비 / TEL238-1311
suwon,suwon__7__crop_001,TP,suwon__7__crop_001,shop=clothes,샤랄라 Brush,shop=beauty,손톱 / Il. / sharalla Brush / Brush / 샤랄라 Brush T.2
suwon,suwon__70__crop_001,TP,suwon__70__crop_001,shop=car_repair,신성공업사,shop=car_repair,지정업체 / 손해보험사 / 자동차 / 신성공업사 / 신성공업사 / 검사대행 / 경정비 / 특수열처리
suwon,suwon__72__crop_001,TP,suwon__72__crop_001,amenity=restaurant,골목집,amenity=restaurant,골목집
suwon,suwon__73__crop_001,FP,,,목집,amenity=restaurant,목집
suwon,suwon__73__crop_002,TP,suwon__73__crop_002,amenity=restaurant,유치회관,amenity=restaurant,출원:0002054호 / 유치회관 / 일반음식점
suwon,suwon__73__crop_003,TP,suwon__73__crop_001,amenity=restaurant,원조,amenity=restaurant,40년 전통의 맛 / 원조 / 해장국·수육
suwon,suwon__74__crop_001,TP,suwon__74__crop_001,amenity=restaurant,세종 세,amenity=restaurant,세종 세 / 4900원 / 순대국
suwon,suwon__75__crop_001,TP,suwon__75__crop_001,amenity=school,교육그룹 정진,amenity=school,교육상담 / 교육그룹 정진 / First Class
suwon,suwon__76__crop_001,TP,suwon__76__crop_002,amenity=karaoke_box,럭셔리노래방,amenity=karaoke_box,럭 / 럭셔리노래방 / 시티
suwon,suwon__76__crop_002,TP,suwon__76__crop_001,shop=beauty,24시 정통마사지,shop=beauty,24시 정통마사지 / Massage shop / 회원제 쿠폰사용시 특별할인 / 예약: 231-2144
suwon,suwon__78__crop_001,TP,suwon__78__crop_001,tourism=hotel,스타일,tourism=hotel,모텔 스타일주차장 / 모텔 스타일주차장 / 스타일주차장
suwon,suwon__8__crop_001,TP,suwon__8__crop_001,amenity=pharmacy,경훈약국,amenity=pharmacy,경훈약국
suwon,suwon__80__crop_001,FP,,,기사식당,amenity=restaurant,기사식당
suwon,suwon__80__crop_002,TP,suwon__80__crop_001,,카스톡스,amenity=bar,Cass / Tok's! / 생맥주전문점 / 카스톡스 체인본부 / 인계본점
suwon,suwon__81__crop_001,FP,,,시골집,amenity=restaurant,시골집 / 시골집 / T 233-2453
suwon,suwon__81__crop_002,FP,,,LION PC,amenity=internet_cafe,LION PC / PC
suwon,suwon__82__crop_001,FP,,,시골집,amenity=restaurant,시골집 / T / 시골집 T233-2453 / T
suwon,suwon__83__crop_001,TP,suwon__83__crop_001,amenity=restaurant,시온성,amenity=restaurant,Chinese restaurant / 시온성 / 중국요리전문점
suwon,suwon__84__crop_001,TP,suwon__84__crop_001,shop=furniture,,shop=furniture,가구 / 엔틱 / 수입 / 수입
suwon,suwon__85__crop_001,TP,suwon__85__crop_001,amenity=restaurant,대게나라,amenity=restaurant,대게나라 수원점 239-711 / 대게나라 / 대게/킹크랩/랍스터
suwon,suwon__86__crop_001,TP,suwon__86__crop_001,shop=furniture,,shop=furniture,수입 / 엔틱 / 가구
suwon,suwon__86__crop_002,TP,suwon__86__crop_002,shop=furniture,VERONA전세관,shop=furniture,wilpiano / wilpiano / 엔틱 / 전세관 / VERONA전세관 / 9449 / 223 / korea.co.kr / verona
suwon,suwon__87__crop_001,TP,suwon__87__crop_001,tourism=hotel,HOTEL ILMARE,tourism=hotel,HOTEL ILMARE
suwon,suwon__88__crop_001,FP,,,영수사,shop=clothes,영수사 / 武
suwon,suwon__89__crop_001,TP,suwon__89__crop_001,amenity=parking,유료주차장,amenity=parking,P유료주차장 / P유료주차장 / T:233-7790
suwon,suwon__9__crop_001,TP,suwon__9__crop_001,amenity=fast_food,이삭 토스트,amenity=restaurant,TOAST& / COFFEE / Isaac / 이삭 토스트&커피
suwon,suwon__9__crop_002,TP,suwon__9__crop_002,,시골밥집,amenity=restaurant,시골밥집 / 라벤더 / 2호점 T.243-9117 / 네일아트 & 속눈썹연장
suwon,suwon__90__crop_001,TP,suwon__90__crop_001,shop=hairdresser,가르마,shop=hairdresser,가르마 Garma Hair 두피탈모센터 / Garma Hair / Hair / 031 267 0895
suwon,suwon__91__crop_001,TP,suwon__91__crop_001,amenity=restaurant,바지락촌,amenity=restaurant,BUAN BAJIRAK CHON / 바지락촌 / 부안 바지락촌 / 부안 / 바지락요
suwon,suwon__92__crop_001,TP,suwon__92__crop_001,amenity=restaurant,신촌옥,amenity=restaurant,본점 신촌옥 / 신촌옥설렁탕해장국 / 설렁탕 / 설렁탕 해장국 / 해장국 / 1811 / 24시영업
suwon,suwon__93__crop_001,TP,suwon__93__crop_001,,The 한우 Grill,amenity=restaurant,The 한우 Grill / The / 참숯한우전문점 / KOREA / THE GRILL T.239-1010 2F / aura THE GRILL T.2 / PREMIUM MULTI
suwon,suwon__93__crop_002,TP,suwon__93__crop_002,shop=clothes,프리미엄멀티샵,shop=clothes,SHOP / MULTI / PREMIUM / 프리미엄멀티샵
suwon,suwon__94__crop_001,FP,,,한우 Grill,amenity=restaurant,한우 Grill / Grill / RANT 참숯한우전문점 / 9-1010 / 2F
suwon,suwon__94__crop_002,TP,suwon__94__crop_001,shop=beauty,라미 웨당쥬얼리,shop=jewelry,라미 웨당쥬얼리 / SHOP
suwon,suwon__94__crop_003,FP,,,JM MULTI SHOP,shop=beauty,JM / MULTI / SHOP / 프리미엄멀티샵
suwon,suwon__96__crop_001,FP,,,,shop=car_repair,판금.도장 보험처리전문 / 전문 / 검사대행
suwon,suwon__96__crop_002,FP,,,,amenity=restaurant,
suwon,suwon__96__crop_003,TP,suwon__96__crop_001,shop=car_repair,르노삼성자동차 인계점,shop=car_repair,SAMSUNG / 르노삼성자동차 인계점 / 자동차보험너
suwon,suwon__97__crop_001,TP,suwon__97__crop_001,amenity=restaurant,호찌성 끼레 어간비,amenity=restaurant,호찌성 / 끼레 / 어간비 / 본점 / 출원번호 41-2011-0004940 가영점문의 031 238 8565
suwon,suwon__98__crop_001,TP,suwon__98__crop_001,amenity=restaurant,어구,amenity=restaurant,호박찜 / 닭볶음 / 어구 / 어규 / 본점 / 가맹점문의 031 238 8565
suwon,suwon__99__crop_001,TP,suwon__99__crop_001,amenity=restaurant,,amenity=restaurant,©2019 Google / RESTAURANT
