model,mode,image_name,region,gt_name,gt_tag,pred_name,pred_tag
gemma3:12b,vlm,brooklyn__100__crop_001,brooklyn,BARGAINLAND,shop=supermarket,BARGAINLAND DEPARTMENT STORES,shop=supermarket
gemma3:12b,vlm,brooklyn__100__crop_002,brooklyn,HIGH UNIVERSE,,HIGH UNIVERSE,unknown
gemma3:12b,vlm,brooklyn__10__crop_002,brooklyn,ISLAND RIBHOUSE,amenity=restaurant,ISLAND RIBHOUSE,amenity=restaurant
gemma3:12b,vlm,brooklyn__11__crop_001,brooklyn,LIT TAX SOLUTIONS,,ELITE TAX SOLUTIONS INC.,office=company
gemma3:12b,vlm,brooklyn__12__crop_001,brooklyn,ISLAND RIBHOUSE,amenity=restaurant,ISLAND RIBHOUSE,amenity=restaurant
gemma3:12b,vlm,brooklyn__13__crop_001,brooklyn,FOOD WINE GROCER,shop=supermarket,FOOD WINE GROCER,shop=supermarket
gemma3:12b,vlm,brooklyn__13__crop_002,brooklyn,9ROUND,leisure=fitness_centre,9ROUND,leisure=fitness_centre
gemma3:12b,vlm,brooklyn__14__crop_002,brooklyn,Hello One Nail Spa,shop=beauty,Hello One Nail Spa Inc,shop=beauty
gemma3:12b,vlm,brooklyn__15__crop_001,brooklyn,30 MIN KICKBOX FITNESS,leisure=fitness_centre,9ROUND,leisure=fitness_centre
gemma3:12b,vlm,brooklyn__15__crop_002,brooklyn,FOOD WINE GROCER,shop=supermarket,FOOD WINE GROCER,shop=supermarket
gemma3:12b,vlm,brooklyn__16__crop_001,brooklyn,FLY WING E BIKE,shop=car_repair,FLY WING E-BIKE,shop=motorcycle
gemma3:12b,vlm,brooklyn__16__crop_002,brooklyn,CAMBRIDGE LEACH INC,office=company,CAMBRIDGE & LEACH INC.,office=company
gemma3:12b,vlm,brooklyn__17__crop_001,brooklyn,Hello One Nail Spa,shop=beauty,Hello One Nail Spa Inc,shop=beauty
gemma3:12b,vlm,brooklyn__17__crop_003,brooklyn,total wireless,shop=mobile_phone,total wireless,shop=mobile_phone
gemma3:12b,vlm,brooklyn__18__crop_001,brooklyn,Dry Cleaning Service,shop=laundry,Champion Laundry & Dry Cleaning Service,shop=laundry
gemma3:12b,vlm,brooklyn__18__crop_002,brooklyn,ABC BARBER SHOP,shop=hairdresser,ABC II Barber Shop Unisex,shop=hairdresser
gemma3:12b,vlm,brooklyn__18__crop_003,brooklyn,FLY WING E BIKE,shop=car_repair,FLY WING E-BIKE,shop=motorcycle
gemma3:12b,vlm,brooklyn__19__crop_001,brooklyn,total wireless,shop=mobile_phone,total wireless,shop=mobile_phone
gemma3:12b,vlm,brooklyn__1__crop_001,brooklyn,OFF THE GRILL,amenity=restaurant,OFF THE GRILL,amenity=restaurant
gemma3:12b,vlm,brooklyn__20__crop_001,brooklyn,island pops,amenity=cafe,island pops,amenity=ice_cream
gemma3:12b,vlm,brooklyn__20__crop_002,brooklyn,EMS ACCOUNTING SERVICE,office=company,EMS Accounting Service Inc,office=company
gemma3:12b,vlm,brooklyn__21__crop_001,brooklyn,Nostrands Nugs,shop=supermarket,Nostrand's Nugs,unknown
gemma3:12b,vlm,brooklyn__21__crop_002,brooklyn,4 BROTHERS FOOD CORP,amenity=restaurant,4 BROTHERS FOOD CORP,shop=supermarket
gemma3:12b,vlm,brooklyn__23__crop_001,brooklyn,URBAN MARKET BY,shop=supermarket,URBAN MARKET BY Key Food FRESH,shop=supermarket
gemma3:12b,vlm,brooklyn__24__crop_001,brooklyn,RYERSON,amenity=restaurant,the RYERSON,office=building
gemma3:12b,vlm,brooklyn__25__crop_001,brooklyn,URBAN MARKET BY,shop=supermarket,URBAN MARKET BY Key Food FRESH,shop=supermarket
gemma3:12b,vlm,brooklyn__26__crop_001,brooklyn,RYERSON,amenity=restaurant,the RYERSON,office=building
gemma3:12b,vlm,brooklyn__27__crop_002,brooklyn,SHORTY CANDY,shop=supermarket,Shorty Candy & Grocery Co.,shop=convenience
gemma3:12b,vlm,brooklyn__28__crop_001,brooklyn,GALAXY BEAUTY SHOP,shop=beauty,GALAXY BEAUTY SHOP,shop=beauty
gemma3:12b,vlm,brooklyn__29__crop_001,brooklyn,CROWN DISCOUNT STORE 99,shop=supermarket,CROWN DISCOUNT STORE & 99¢,shop=convenience
gemma3:12b,vlm,brooklyn__2__crop_001,brooklyn,DUTCH CLEANERS,shop=laundry,DUTCH CLEANERS,shop=laundry
gemma3:12b,vlm,brooklyn__2__crop_002,brooklyn,VAPE N CLOUD,shop=smoke_shop,VAPE N CLOUD,shop=smoke_shop
gemma3:12b,vlm,brooklyn__2__crop_003,brooklyn,SPRINT REALTY INC,office=estate_agent,SPRINT REALTY INC.,office=estate_agent
gemma3:12b,vlm,brooklyn__30__crop_002,brooklyn,SHORT CANDY,shop=supermarket,Shorty Candy & Grocery Co.,shop=convenience
gemma3:12b,vlm,brooklyn__30__crop_003,brooklyn,812 CORP,shop=supermarket,812 CORP.,office=company
gemma3:12b,vlm,brooklyn__31__crop_001,brooklyn,DELI GRILL,shop=convenience,Wise Deli & Grill,amenity=restaurant
gemma3:12b,vlm,brooklyn__32__crop_001,brooklyn,SALS RESTAURANT,amenity=restaurant,Sal's Restaurant,amenity=restaurant
gemma3:12b,vlm,brooklyn__32__crop_002,brooklyn,EASTERN FRANKLIN WINES LIQUORS,amenity=bar,WINES & LIQUORS,shop=smoke_shop
gemma3:12b,vlm,brooklyn__32__crop_003,brooklyn,DUNKIN,shop=bakery,DUNKIN' DONUTS,amenity=fast_food
gemma3:12b,vlm,brooklyn__33__crop_001,brooklyn,Capital One Bank,amenity=bank,Capital One Bank,amenity=bank
gemma3:12b,vlm,brooklyn__34__crop_001,brooklyn,Royal Yard Food,amenity=restaurant,Royal Yard Food,amenity=restaurant
gemma3:12b,vlm,brooklyn__34__crop_002,brooklyn,800 Candy Juice Bar,amenity=bar,800 Candy & Juice Bar,amenity=ice_cream
gemma3:12b,vlm,brooklyn__35__crop_001,brooklyn,STARBUCKS COFFEE,amenity=cafe,STARBUCKS COFFEE,amenity=cafe
gemma3:12b,vlm,brooklyn__36__crop_001,brooklyn,EL BARRIO BURRITOS,amenity=restaurant,EL BARRIO BURRITOS,amenity=fast_food
gemma3:12b,vlm,brooklyn__36__crop_002,brooklyn,Nail Salon,shop=hairdresser,Jun Nail Salon Inc.,shop=beauty
gemma3:12b,vlm,brooklyn__37__crop_001,brooklyn,E MARTIN SALES RENTALS,office=estate_agent,E. MARTIN,office=estate_agent
gemma3:12b,vlm,brooklyn__37__crop_002,brooklyn,GRILL DELI,shop=convenience,Grill & Deli,amenity=restaurant
gemma3:12b,vlm,brooklyn__38__crop_001,brooklyn,95 South,amenity=restaurant,95 South Soul Food Restaurant,amenity=restaurant
gemma3:12b,vlm,brooklyn__38__crop_002,brooklyn,PHARMACY,amenity=pharmacy,PURE HEALTH PHARMACY LLC,amenity=pharmacy
gemma3:12b,vlm,brooklyn__38__crop_003,brooklyn,95 South,amenity=restaurant,95 South Soul Food Restaurant,amenity=restaurant
gemma3:12b,vlm,brooklyn__38__crop_004,brooklyn,PHARMACY,amenity=pharmacy,PURE HEALTH PHARMACY LLC,amenity=pharmacy
gemma3:12b,vlm,brooklyn__3__crop_001,brooklyn,LAUNDROMAT,shop=laundry,LAUNDROMAT,shop=laundry
gemma3:12b,vlm,brooklyn__40__crop_001,brooklyn,SHEER MADNESS,shop=hairdresser,SHEER MADNESS,unknown
gemma3:12b,vlm,brooklyn__41__crop_001,brooklyn,FRANKLIN EXPRESS,shop=laundry,FRANKLIN EXPRESS LAUNDRY CENTER,shop=laundry
gemma3:12b,vlm,brooklyn__42__crop_001,brooklyn,Bagel Pub,amenity=bar,Bagel Pub,amenity=bar
gemma3:12b,vlm,brooklyn__44__crop_001,brooklyn,SJ MARKET,shop=supermarket,SJ MARKET,shop=supermarket
gemma3:12b,vlm,brooklyn__45__crop_001,brooklyn,HAPPY WOK,amenity=restaurant,HAPPY WOK,amenity=restaurant
gemma3:12b,vlm,brooklyn__46__crop_001,brooklyn,NOOKLYN,office=estate_agent,NOOKLYN,unknown
gemma3:12b,vlm,brooklyn__47__crop_002,brooklyn,MISC,amenity=restaurant,MISC,unknown
gemma3:12b,vlm,brooklyn__48__crop_001,brooklyn,RESTAURANT,amenity=restaurant,Maria & Tony RESTAURANT,amenity=restaurant
gemma3:12b,vlm,brooklyn__48__crop_002,brooklyn,DELI GROCERY,shop=convenience,Amigos Deli & Grocery,shop=convenience
gemma3:12b,vlm,brooklyn__49__crop_001,brooklyn,enterprise,amenity=car_rental,enterprise rent-a-car,amenity=car_rental
gemma3:12b,vlm,brooklyn__49__crop_002,brooklyn,enterprise,amenity=car_rental,enterprise rent-a-car,amenity=car_rental
gemma3:12b,vlm,brooklyn__4__crop_001,brooklyn,SuperMarket,shop=supermarket,SuperMarket,shop=supermarket
gemma3:12b,vlm,brooklyn__50__crop_001,brooklyn,THE NEW ATLANTIC Restaurant,amenity=restaurant,THE NEW ATLANTIC Restaurant,amenity=restaurant
gemma3:12b,vlm,brooklyn__51__crop_001,brooklyn,enterprise,amenity=car_rental,enterprise rent-a-car,amenity=car_rental
gemma3:12b,vlm,brooklyn__52__crop_001,brooklyn,StateFarm,office=company,State Farm,office=company
gemma3:12b,vlm,brooklyn__54__crop_001,brooklyn,R FERRARO COLLISION,shop=car_repair,R. FERRARO COLLISION,shop=car_repair
gemma3:12b,vlm,brooklyn__54__crop_002,brooklyn,CAROUSEL BEVERAGES,amenity=bar,CAROUSEL BEVERAGES,amenity=bar
gemma3:12b,vlm,brooklyn__55__crop_001,brooklyn,MIGHTY QUINNS,amenity=restaurant,Mighty Quinn's,amenity=restaurant
gemma3:12b,vlm,brooklyn__57__crop_001,brooklyn,CAROUSEL BEVERAGES,amenity=bar,CAROUSEL,amenity=bar
gemma3:12b,vlm,brooklyn__57__crop_003,brooklyn,Powerplay,leisure=fitness_centre,Powerplay,leisure=fitness_centre
gemma3:12b,vlm,brooklyn__58__crop_001,brooklyn,Powerplay,leisure=fitness_centre,Powerplay Activity Center,leisure=fitness_centre
gemma3:12b,vlm,brooklyn__59__crop_001,brooklyn,NEW MILLENNIUM MOTORS INC,shop=car_repair,"NEW MILLENNIUM MOTORS, INC.",shop=car_repair
gemma3:12b,vlm,brooklyn__5__crop_001,brooklyn,ROYAL BAKERY ROTI,shop=bakery,ROYAL BAKERY & ROTI INC.,shop=bakery
gemma3:12b,vlm,brooklyn__5__crop_002,brooklyn,Nostrand Gold Dealers,shop=jewelry,Nostrand Gold Dealers,shop=jewelry
gemma3:12b,vlm,brooklyn__60__crop_001,brooklyn,Powerplay,leisure=fitness_centre,Powerplay Activity Center,leisure=fitness_centre
gemma3:12b,vlm,brooklyn__60__crop_004,brooklyn,RISE DEVELOPMENT,office=estate_agent,RISE DEVELOPMENT,office=company
gemma3:12b,vlm,brooklyn__61__crop_001,brooklyn,DONATO,office=company,DONATO,unknown
gemma3:12b,vlm,brooklyn__61__crop_002,brooklyn,DONATO INC,office=company,DONATO INC. Plumbing & Heating,office=company
gemma3:12b,vlm,brooklyn__62__crop_001,brooklyn,DRUG STORE,amenity=pharmacy,Franklin & Carroll DRUGS,amenity=pharmacy
gemma3:12b,vlm,brooklyn__63__crop_001,brooklyn,FOOD CENTER,amenity=restaurant,Brothers FOOD CENTER,amenity=restaurant
gemma3:12b,vlm,brooklyn__63__crop_002,brooklyn,GRANDMA LAUNDRY CORNER INC,shop=laundry,GRANDMA LAUNDRY CORNER INC.,shop=laundry
gemma3:12b,vlm,brooklyn__64__crop_001,brooklyn,BEAUTY SALON,shop=hairdresser,BEAUTY SALON,shop=beauty
gemma3:12b,vlm,brooklyn__65__crop_001,brooklyn,HARDEE,amenity=fast_food,New HARDEE,amenity=fast_food
gemma3:12b,vlm,brooklyn__66__crop_001,brooklyn,DELI,shop=convenience,DELI INC.,amenity=restaurant
gemma3:12b,vlm,brooklyn__66__crop_002,brooklyn,MOZEB,shop=supermarket,MOZEB,unknown
gemma3:12b,vlm,brooklyn__68__crop_001,brooklyn,UNISEX SALON,shop=hairdresser,Hair Unisex Salon,shop=hairdresser
gemma3:12b,vlm,brooklyn__68__crop_002,brooklyn,Franklin Eyecare,amenity=clinic,Franklin Eyecare,shop=optician
gemma3:12b,vlm,brooklyn__69__crop_001,brooklyn,AMY UNIQUE NAILS INC,shop=beauty,AMY UNIQUE NAILS INC.,shop=beauty
gemma3:12b,vlm,brooklyn__69__crop_002,brooklyn,SMOK SHOP,shop=smoke_shop,SMOKE SHOP,shop=smoke_shop
gemma3:12b,vlm,brooklyn__69__crop_003,brooklyn,Lemon Grass,amenity=restaurant,Lemon Grass,amenity=restaurant
gemma3:12b,vlm,brooklyn__70__crop_001,brooklyn,JUICY KING CRAB,amenity=fast_food,JUICY KING CRAB EXPRESS,amenity=restaurant
gemma3:12b,vlm,brooklyn__70__crop_002,brooklyn,JUICY KING CRAB,amenity=fast_food,JUICY KING CRAB,amenity=restaurant
gemma3:12b,vlm,brooklyn__71__crop_001,brooklyn,NAILS,shop=beauty,Golden 7 Nails,shop=beauty
gemma3:12b,vlm,brooklyn__73__crop_001,brooklyn,POPEYES,amenity=fast_food,POpeye's,amenity=fast_food
gemma3:12b,vlm,brooklyn__73__crop_002,brooklyn,SuperFoodtown,shop=supermarket,Super Foodtown,shop=supermarket
gemma3:12b,vlm,brooklyn__75__crop_001,brooklyn,NEXT LEVEL Fashions,shop=clothes,NEXT LEVEL Fashions,shop=clothes
gemma3:12b,vlm,brooklyn__75__crop_002,brooklyn,Modern Nails,shop=beauty,Modern Nails,shop=beauty
gemma3:12b,vlm,brooklyn__76__crop_001,brooklyn,Modern Nails,shop=beauty,Modern Nails,shop=beauty
gemma3:12b,vlm,brooklyn__77__crop_001,brooklyn,Modern Nails,shop=beauty,Modern Nails,shop=beauty
gemma3:12b,vlm,brooklyn__77__crop_002,brooklyn,Mini Market,shop=supermarket,Blessed Mini Market Deli,shop=convenience
gemma3:12b,vlm,brooklyn__78__crop_001,brooklyn,MNS 99 CENTS UP INC,shop=supermarket,"MNS 99 CENTS & UP, INC",shop=convenience
gemma3:12b,vlm,brooklyn__79__crop_001,brooklyn,HAIR STUDIO,shop=hairdresser,HAIR STUDIO,shop=hairdresser
gemma3:12b,vlm,brooklyn__80__crop_001,brooklyn,FULTON,amenity=bar,FULTON ALE HOUSE,amenity=bar
gemma3:12b,vlm,brooklyn__80__crop_002,brooklyn,Soldier Restaurant Inc,amenity=restaurant,Soldier Restaurant Inc.,amenity=restaurant
gemma3:12b,vlm,brooklyn__80__crop_003,brooklyn,HAIR STUDIO,shop=hairdresser,HAIR STUDIO,shop=hairdresser
gemma3:12b,vlm,brooklyn__81__crop_001,brooklyn,BEAUTY SUPPLY,shop=beauty,Oumou's BEAUTY SUPPLY,shop=beauty
gemma3:12b,vlm,brooklyn__83__crop_001,brooklyn,FULTON,amenity=bar,FULTON ALE HOUSE,amenity=bar
gemma3:12b,vlm,brooklyn__83__crop_002,brooklyn,A GUSTO,amenity=restaurant,A GUSTO HAI BISTRO,amenity=restaurant
gemma3:12b,vlm,brooklyn__85__crop_002,brooklyn,LAUNDROMAT,shop=laundry,LAUNDROMAT,shop=laundry
gemma3:12b,vlm,brooklyn__86__crop_002,brooklyn,Dominos,amenity=fast_food,Domino's,amenity=fast_food
gemma3:12b,vlm,brooklyn__87__crop_001,brooklyn,DOG DAYCARE,amenity=veterinary,DOG DAYCARE,shop=pet
gemma3:12b,vlm,brooklyn__88__crop_001,brooklyn,Blooming Brows,shop=beauty,Blooming Brows,shop=beauty
gemma3:12b,vlm,brooklyn__89__crop_001,brooklyn,Dreamer Nails,shop=beauty,Dreamer Nails Inc.,shop=beauty
gemma3:12b,vlm,brooklyn__8__crop_001,brooklyn,NAILS,shop=beauty,Orchid Nails Salon,shop=beauty
gemma3:12b,vlm,brooklyn__90__crop_001,brooklyn,AR POSTAL MULTISERVICES,amenity=post_office,AR POSTAL & MULTISERVICES,post_office
gemma3:12b,vlm,brooklyn__91__crop_001,brooklyn,SOGHO HAIR Salon BRAIDING,shop=hairdresser,Sogho Express African Hair Braiding,shop=hairdresser
gemma3:12b,vlm,brooklyn__92__crop_002,brooklyn,NAIL,shop=beauty,NAIL,shop=beauty
gemma3:12b,vlm,brooklyn__93__crop_001,brooklyn,BRAIDING STYLING,shop=hairdresser,AMINATA BRAIDING STYLING AND UNISEX HAIR SALON,shop=hairdresser
gemma3:12b,vlm,brooklyn__94__crop_001,brooklyn,RICKY S,amenity=restaurant,RICKY'S,amenity=restaurant
gemma3:12b,vlm,brooklyn__94__crop_002,brooklyn,NEW PEOPLES RESTAURANT,amenity=restaurant,NEW PEOPLE'S RESTAURANT,amenity=restaurant
gemma3:12b,vlm,brooklyn__94__crop_003,brooklyn,HARDWARE,shop=hardware,HARDWARE & DISCOUNT,shop=hardware
gemma3:12b,vlm,brooklyn__95__crop_001,brooklyn,NEW PEOPLES RESTAURANT,amenity=restaurant,NEW PEOPLE'S RESTAURANT,amenity=restaurant
gemma3:12b,vlm,brooklyn__95__crop_002,brooklyn,HARDWARE,shop=hardware,HARDWARE & DISCOUNT,shop=hardware
gemma3:12b,vlm,brooklyn__96__crop_001,brooklyn,Rockaway GOURMET DELI GRILL,shop=convenience,Rockaway Gourmet Deli & Grill,amenity=restaurant
gemma3:12b,vlm,brooklyn__97__crop_001,brooklyn,BEAUTY SUPPLY INC,shop=beauty,K&M BEAUTY SUPPLY INC.,shop=beauty
gemma3:12b,vlm,brooklyn__97__crop_002,brooklyn,NAILS Inc,shop=beauty,New Pro NAILS Inc.,shop=beauty
gemma3:12b,vlm,brooklyn__97__crop_003,brooklyn,Rockaway GOURMET DELI GRILL,shop=convenience,Rockaway Gourmet Deli & Grill,amenity=restaurant
gemma3:12b,vlm,brooklyn__98__crop_001,brooklyn,BARGAINLAND,shop=supermarket,BARGAINLAND DEPARTMENT STORES,shop=supermarket
gemma3:12b,vlm,brooklyn__98__crop_002,brooklyn,BEAUTY SUPPLY INC,shop=beauty,K&M BEAUTY SUPPLY INC.,shop=beauty
gemma3:12b,vlm,brooklyn__98__crop_003,brooklyn,NAILS Inc,shop=beauty,New Pro NAILS Inc.,shop=beauty
gemma3:12b,vlm,brooklyn__99__crop_002,brooklyn,eyes nyc,shop=optician,eyes.nyc,shop=optician
gemma3:12b,vlm,brooklyn__9__crop_001,brooklyn,JOHN GARDEN,amenity=restaurant,JOHN GARDEN,amenity=restaurant
gemma3:12b,vlm,gangnam__100__crop_001,gangnam,Chicken,amenity=fast_food,BBQ Chicken,amenity=restaurant
gemma3:12b,vlm,gangnam__10__crop_001,gangnam,HOTEL,tourism=hotel,HOTEL,tourism=hotel
gemma3:12b,vlm,gangnam__10__crop_002,gangnam,Saboten,amenity=restaurant,Saboten,amenity=restaurant
gemma3:12b,vlm,gangnam__11__crop_001,gangnam,LOTTERIA,amenity=fast_food,LOTTERIA,shop=convenience
gemma3:12b,vlm,gangnam__11__crop_002,gangnam,짚동가리쌩주,amenity=bar,진도해장국,amenity=restaurant
gemma3:12b,vlm,gangnam__12__crop_001,gangnam,럭셔리브라더스,office=company,럭셔리브라더스,amenity=karaoke_box
gemma3:12b,vlm,gangnam__12__crop_002,gangnam,신오약국,amenity=pharmacy,신오국,unknown
gemma3:12b,vlm,gangnam__13__crop_001,gangnam,The Coffee Bean,amenity=cafe,The Coffee Bean,amenity=cafe
gemma3:12b,vlm,gangnam__17__crop_001,gangnam,MLB,shop=clothes,MLB,unknown
gemma3:12b,vlm,gangnam__17__crop_002,gangnam,espoir,shop=beauty,espoir,unknown
gemma3:12b,vlm,gangnam__18__crop_001,gangnam,MLB,shop=clothes,MLB,office
gemma3:12b,vlm,gangnam__18__crop_002,gangnam,우리은행 강남역지점,amenity=bank,우리은행,amenity=bank
gemma3:12b,vlm,gangnam__19__crop_001,gangnam,파파스레시피 2F,amenity=restaurant,파파로스트 레시피,amenity=cafe
gemma3:12b,vlm,gangnam__1__crop_001,gangnam,milk,amenity=karaoke_box,milk,amenity=karaoke_box
gemma3:12b,vlm,gangnam__20__crop_001,gangnam,THE PLACE ITALIAN URBAN BISTRO,amenity=restaurant,THE PLACE,amenity=restaurant
gemma3:12b,vlm,gangnam__21__crop_001,gangnam,baskin BR robbins,amenity=ice_cream,baskinBRrobbins,amenity=ice_cream
gemma3:12b,vlm,gangnam__22__crop_001,gangnam,혜화 돌쇠 아저씨,amenity=restaurant,헤안 동스 아저씨,unknown
gemma3:12b,vlm,gangnam__23__crop_001,gangnam,문교동낙지,amenity=restaurant,본교동낙지,restaurant
gemma3:12b,vlm,gangnam__24__crop_001,gangnam,SUBWAY,amenity=fast_food,SUBWAY,amenity=fast_food
gemma3:12b,vlm,gangnam__25__crop_001,gangnam,GOLD,,GOLD,unknown
gemma3:12b,vlm,gangnam__27__crop_001,gangnam,CU,shop=convenience,CU,shop=convenience
gemma3:12b,vlm,gangnam__28__crop_001,gangnam,THE CAFE 8 6 8,amenity=cafe,THE CAFE 868,amenity=cafe
gemma3:12b,vlm,gangnam__29__crop_001,gangnam,라이브 유흥주점,amenity=bar,오페라,amenity=karaoke_box
gemma3:12b,vlm,gangnam__2__crop_001,gangnam,HERRY S COFFEE,amenity=cafe,HERRY'S COFFEE,amenity=cafe
gemma3:12b,vlm,gangnam__30__crop_001,gangnam,Emoi,amenity=restaurant,Emôi,amenity=restaurant
gemma3:12b,vlm,gangnam__31__crop_001,gangnam,정통중국요리,amenity=restaurant,제동동주국요리,amenity=restaurant
gemma3:12b,vlm,gangnam__32__crop_001,gangnam,IZAKAYA TAN,amenity=bar,IZAKAYA TAN,amenity=bar
gemma3:12b,vlm,gangnam__33__crop_001,gangnam,DUNKIN,shop=bakery,DUNKIN' DONUTS,amenity=fast_food
gemma3:12b,vlm,gangnam__34__crop_001,gangnam,MINI STOP,shop=convenience,MINISTOP,shop=convenience
gemma3:12b,vlm,gangnam__35__crop_001,gangnam,olleh O,shop=mobile_phone,olleh,shop=mobile_phone
gemma3:12b,vlm,gangnam__35__crop_002,gangnam,효성해링턴타워,office=building,고성해링턴타워,office=building
gemma3:12b,vlm,gangnam__35__crop_004,gangnam,olleh O,shop=mobile_phone,olleh,shop=mobile_phone
gemma3:12b,vlm,gangnam__35__crop_006,gangnam,효성해링턴타워,office=building,호성해킹텐타위,unknown
gemma3:12b,vlm,gangnam__37__crop_001,gangnam,eye scream,shop=optician,eye scream,amenity=ice_cream
gemma3:12b,vlm,gangnam__38__crop_001,gangnam,CANDLE SOAP,amenity=cafe,CANDLE & SOAP,shop
gemma3:12b,vlm,gangnam__39__crop_001,gangnam,쭈꾸미불낙,amenity=restaurant,좌구미불낙,restaurant
gemma3:12b,vlm,gangnam__3__crop_001,gangnam,Yomenya Goemon Japanese Spaghetti,amenity=restaurant,Yomenya Goemon Japanese Spaghetti,amenity=restaurant
gemma3:12b,vlm,gangnam__40__crop_001,gangnam,로빈힐,amenity=bar,로빈힐 BEER & แซ่แฮคู,amenity=bar
gemma3:12b,vlm,gangnam__41__crop_001,gangnam,모닝글로리,shop=stationery,모넉로로리,unknown
gemma3:12b,vlm,gangnam__42__crop_001,gangnam,흑마늘족발 보쌈 순대국,amenity=restaurant,일흥마늘쪽방·보쌈·순대국,restaurant
gemma3:12b,vlm,gangnam__43__crop_001,gangnam,7 ELEVEN,shop=convenience,ELEVEN,shop=convenience
gemma3:12b,vlm,gangnam__44__crop_001,gangnam,7 ELEVEN,shop=convenience,7 ELEVEN,shop=convenience
gemma3:12b,vlm,gangnam__44__crop_002,gangnam,영 동 껍데기,amenity=restaurant,영업대기,unknown
gemma3:12b,vlm,gangnam__45__crop_001,gangnam,영동 껍데기 소금구이,amenity=restaurant,법대기 소금구이,restaurant
gemma3:12b,vlm,gangnam__46__crop_001,gangnam,통돼지찌개집,amenity=restaurant,토용돼지 찌개밥집,amenity=restaurant
gemma3:12b,vlm,gangnam__47__crop_001,gangnam,나주,amenity=restaurant,나주家,restaurant
gemma3:12b,vlm,gangnam__48__crop_001,gangnam,FOOD,amenity=restaurant,FOOD CAFE,amenity=cafe
gemma3:12b,vlm,gangnam__49__crop_001,gangnam,PARIS BAGUETTE,shop=bakery,PARIS BAGUETTE,shop=bakery
gemma3:12b,vlm,gangnam__4__crop_001,gangnam,CASA JOVEN,amenity=bar,CASA JOVEN,amenity=bar
gemma3:12b,vlm,gangnam__50__crop_001,gangnam,coffeesmith,amenity=cafe,coffeesmith,amenity=cafe
gemma3:12b,vlm,gangnam__51__crop_001,gangnam,GS25,shop=convenience,GS25,shop=convenience
gemma3:12b,vlm,gangnam__52__crop_001,gangnam,MizMedi Hospital,amenity=clinic,Miz Medi Hospital,amenity=clinic
gemma3:12b,vlm,gangnam__54__crop_001,gangnam,EM 학원,amenity=school,ΣEM 학원,office=company
gemma3:12b,vlm,gangnam__54__crop_002,gangnam,ZUM 줌,leisure=fitness_centre,펄라테이스 & 플라잉.요가,leisure=fitness_centre
gemma3:12b,vlm,gangnam__55__crop_001,gangnam,대성,office=estate_agent,대성,unknown
gemma3:12b,vlm,gangnam__55__crop_002,gangnam,ROYAL KITCHEN,amenity=restaurant,로얄키친,amenity=restaurant
gemma3:12b,vlm,gangnam__55__crop_003,gangnam,로얄키친,amenity=restaurant,로얄키친,amenity=karaoke_box
gemma3:12b,vlm,gangnam__56__crop_002,gangnam,믿음부동산,office=estate_agent,민우 부동산 공인중개사 사무소,office=estate_agent
gemma3:12b,vlm,gangnam__57__crop_001,gangnam,삼성서점,shop=books,대사암서서점,shop=book
gemma3:12b,vlm,gangnam__57__crop_002,gangnam,솔로몬 공인중개사사무소,office=estate_agent,솔로문 공인중개사 사무소,office=estate_agent
gemma3:12b,vlm,gangnam__58__crop_001,gangnam,VIP 노래방,amenity=karaoke_box,VIP 노래방,amenity=karaoke_box
gemma3:12b,vlm,gangnam__58__crop_002,gangnam,정관장,shop=health_food,정갈장,unknown
gemma3:12b,vlm,gangnam__59__crop_001,gangnam,메디팜 나리약국,amenity=pharmacy,메디팜 나리약국,pharmacy
gemma3:12b,vlm,gangnam__59__crop_002,gangnam,VIP 노래방,amenity=karaoke_box,VIP 노래방,amenity=karaoke_box
gemma3:12b,vlm,gangnam__59__crop_003,gangnam,정관장,shop=health_food,정관장,unknown
gemma3:12b,vlm,gangnam__5__crop_001,gangnam,MOS BURGER,amenity=fast_food,MOS BURGER,amenity=fast_food
gemma3:12b,vlm,gangnam__5__crop_003,gangnam,부대찌개,amenity=restaurant,농부복대회계,unknown
gemma3:12b,vlm,gangnam__60__crop_001,gangnam,이수정국어 논술,amenity=school,이수정국어.논술,office=company
gemma3:12b,vlm,gangnam__61__crop_001,gangnam,PAIK S COFFEE,amenity=cafe,PAIK'S COFFEE,amenity=cafe
gemma3:12b,vlm,gangnam__61__crop_002,gangnam,MINI STOP,shop=convenience,MINI STOP,shop=convenience
gemma3:12b,vlm,gangnam__62__crop_001,gangnam,MINISTOP,shop=convenience,MINISTOP,shop=convenience
gemma3:12b,vlm,gangnam__62__crop_002,gangnam,MINISTOP,shop=convenience,MINISTOP,shop=convenience
gemma3:12b,vlm,gangnam__63__crop_001,gangnam,MINISTOP,shop=convenience,MINISTOP,shop=convenience
gemma3:12b,vlm,gangnam__64__crop_001,gangnam,SUSHI BROS,amenity=restaurant,SUSHI BROS,amenity=restaurant
gemma3:12b,vlm,gangnam__64__crop_002,gangnam,MINI STOP,shop=convenience,MINISTOP,shop=convenience
gemma3:12b,vlm,gangnam__64__crop_003,gangnam,SIZAK STUDY CAFE,amenity=study_cafe,SIZAK STUDY CAFE,amenity=study_cafe
gemma3:12b,vlm,gangnam__65__crop_001,gangnam,빽다방,amenity=cafe,빽다방,amenity=cafe
gemma3:12b,vlm,gangnam__66__crop_002,gangnam,으뜸 공인중개사,office=estate_agent,은동공안조개사,office=company
gemma3:12b,vlm,gangnam__67__crop_001,gangnam,한강 오토바이,shop=motorcycle,한강 오토바이,shop=motorcycle
gemma3:12b,vlm,gangnam__67__crop_002,gangnam,천재 공인중개사,office=estate_agent,전국공인중개사 사무소,office=estate_agent
gemma3:12b,vlm,gangnam__68__crop_001,gangnam,by LYNN,shop=clothes,by LYNN,unknown
gemma3:12b,vlm,gangnam__69__crop_001,gangnam,미래향,amenity=restaurant,미래향,unknown
gemma3:12b,vlm,gangnam__6__crop_001,gangnam,HERRY S COFFEE,amenity=cafe,HERRY'S COFFEE,amenity=cafe
gemma3:12b,vlm,gangnam__70__crop_001,gangnam,병천순대,amenity=restaurant,병천손대,restaurant
gemma3:12b,vlm,gangnam__70__crop_002,gangnam,라라감자탕,amenity=restaurant,아라강짜탕,restaurant
gemma3:12b,vlm,gangnam__70__crop_003,gangnam,민속주점,amenity=bar,민속공예품,unknown
gemma3:12b,vlm,gangnam__71__crop_001,gangnam,금초한의원,amenity=clinic,금조한의원,amenity=clinic
gemma3:12b,vlm,gangnam__71__crop_002,gangnam,맥주창고,amenity=bar,백두창고,unknown
gemma3:12b,vlm,gangnam__71__crop_003,gangnam,박지향 Book Cafe,amenity=book_cafe,박지향 Book Cafe,amenity=book_cafe
gemma3:12b,vlm,gangnam__71__crop_004,gangnam,강남김밥,amenity=restaurant,강남 김밥,amenity=restaurant
gemma3:12b,vlm,gangnam__72__crop_001,gangnam,CU,shop=convenience,CU,shop=convenience
gemma3:12b,vlm,gangnam__73__crop_001,gangnam,정재용헤어,shop=hairdresser,정재훈헤어,shop=hairdresser
gemma3:12b,vlm,gangnam__73__crop_002,gangnam,by JUNG JAE YONG,shop=hairdresser,HAIR SALON by JUNG JAE YONG,shop=hairdresser
gemma3:12b,vlm,gangnam__74__crop_001,gangnam,밥타임,amenity=restaurant,배츄읜,restaurant
gemma3:12b,vlm,gangnam__74__crop_002,gangnam,MARIAN,shop=bakery,MARIAN,unknown
gemma3:12b,vlm,gangnam__75__crop_001,gangnam,함 박 웃 음,amenity=restaurant,함.박.웃.음 & 밤&분식,restaurant
gemma3:12b,vlm,gangnam__76__crop_001,gangnam,유니에셋,office=estate_agent,유니에셋,office=estate_agent
gemma3:12b,vlm,gangnam__76__crop_002,gangnam,유니에셋,office=estate_agent,유니셋,office=estate_agent
gemma3:12b,vlm,gangnam__77__crop_001,gangnam,대치래미안,office=estate_agent,대치레미안,office=company
gemma3:12b,vlm,gangnam__77__crop_002,gangnam,영광,office=estate_agent,영광,unknown
gemma3:12b,vlm,gangnam__78__crop_001,gangnam,영광,office=estate_agent,영광,unknown
gemma3:12b,vlm,gangnam__78__crop_002,gangnam,리빙인테리어,shop=furniture,리빙인테리어,unknown
gemma3:12b,vlm,gangnam__79__crop_001,gangnam,GS25,shop=convenience,GS25,shop=convenience
gemma3:12b,vlm,gangnam__79__crop_002,gangnam,시래기국 깡장보리밥,amenity=restaurant,시계가 멈춘 날리방,unknown
gemma3:12b,vlm,gangnam__7__crop_001,gangnam,Pomato,amenity=restaurant,Pomato,amenity=bar
gemma3:12b,vlm,gangnam__7__crop_002,gangnam,딸부자네 불백,amenity=restaurant,할부장네골뱅,restaurant
gemma3:12b,vlm,gangnam__7__crop_003,gangnam,7 ELEVEN,shop=convenience,ELEVEN,shop=convenience
gemma3:12b,vlm,gangnam__80__crop_001,gangnam,GS25,shop=convenience,GS25,shop=convenience
gemma3:12b,vlm,gangnam__81__crop_001,gangnam,GS25,shop=convenience,GS25,shop=convenience
gemma3:12b,vlm,gangnam__81__crop_002,gangnam,시래기국 깡장보리밥,amenity=restaurant,시즈기국민전자탁실,unknown
gemma3:12b,vlm,gangnam__82__crop_001,gangnam,김영희 동태찜 코다리냉면,amenity=restaurant,김영희 동태철&군다리내면,unknown
gemma3:12b,vlm,gangnam__83__crop_001,gangnam,김영희 동태찜 코다리냉면,amenity=restaurant,김영학 농태험 & 고건다린병,unknown
gemma3:12b,vlm,gangnam__84__crop_001,gangnam,상품권닷컴,office=company,상품권대국,unknown
gemma3:12b,vlm,gangnam__84__crop_002,gangnam,Pasta Dough,amenity=restaurant,Pasta Dough,amenity=restaurant
gemma3:12b,vlm,gangnam__85__crop_001,gangnam,상품권닷컴,office=company,상품권닷컴,unknown
gemma3:12b,vlm,gangnam__85__crop_002,gangnam,Pasta Dough,amenity=restaurant,Pasta Dough,amenity=restaurant
gemma3:12b,vlm,gangnam__85__crop_003,gangnam,카츠젠,amenity=restaurant,칵탄젠,amenity=karaoke_box
gemma3:12b,vlm,gangnam__86__crop_001,gangnam,부대찌개,amenity=restaurant,대화부대찌개,amenity=restaurant
gemma3:12b,vlm,gangnam__86__crop_002,gangnam,카츠젠,amenity=restaurant,새한스제,unknown
gemma3:12b,vlm,gangnam__86__crop_003,gangnam,상품권닷컴,office=company,상품권닷컴,unknown
gemma3:12b,vlm,gangnam__87__crop_001,gangnam,엠엑스,shop=beauty,엔엑스 피브카,amenity=cafe
gemma3:12b,vlm,gangnam__87__crop_002,gangnam,BROZ PUB,amenity=bar,BROZ PUB,amenity=bar
gemma3:12b,vlm,gangnam__88__crop_001,gangnam,창포,amenity=restaurant,창포,unknown
gemma3:12b,vlm,gangnam__89__crop_001,gangnam,Nice to CU,shop=convenience,Nice to CU,shop=convenience
gemma3:12b,vlm,gangnam__8__crop_002,gangnam,7 ELEVEN,shop=convenience,7ELEVEN,shop=convenience
gemma3:12b,vlm,gangnam__8__crop_003,gangnam,THE FOOT SHOP,shop=beauty,THE FOOT SHOP,shop=beauty
gemma3:12b,vlm,gangnam__90__crop_001,gangnam,Nice to CU,shop=convenience,Nice to CU,unknown
gemma3:12b,vlm,gangnam__90__crop_002,gangnam,필리아 약국,amenity=pharmacy,펄리아약국,amenity=pharmacy
gemma3:12b,vlm,gangnam__91__crop_001,gangnam,Nice to CU,shop=convenience,Nice to CU,unknown
gemma3:12b,vlm,gangnam__92__crop_001,gangnam,I Nail,shop=beauty,I ❤️ Nail,shop=beauty
gemma3:12b,vlm,gangnam__94__crop_001,gangnam,CAFFE PIE,amenity=cafe,CAFFÈ PIE,amenity=cafe
gemma3:12b,vlm,gangnam__95__crop_001,gangnam,헤어명가,shop=hairdresser,헤어 복가,shop=hairdresser
gemma3:12b,vlm,gangnam__96__crop_001,gangnam,스터디카페 24시,amenity=study_cafe,비에이블 스터디카페,amenity=study_cafe
gemma3:12b,vlm,gangnam__97__crop_001,gangnam,7,shop=convenience,,office=building
gemma3:12b,vlm,gangnam__98__crop_001,gangnam,KOREA POST,amenity=post_office,우편취급국,amenity=post_office
gemma3:12b,vlm,gangnam__99__crop_001,gangnam,워너비,amenity=school,위너브,office=company
gemma3:12b,vlm,gangnam__9__crop_001,gangnam,초 만 원,amenity=restaurant,초만옥,amenity=restaurant
gemma3:12b,vlm,suwon__100__crop_001,suwon,전주 콩나물국밥,amenity=restaurant,철구공나물국밥,amenity=restaurant
gemma3:12b,vlm,suwon__10__crop_001,suwon,7 ELEVEN,shop=convenience,ELEVEN,shop=convenience
gemma3:12b,vlm,suwon__10__crop_002,suwon,Bur3wa,,Burzwa,restaurant
gemma3:12b,vlm,suwon__10__crop_003,suwon,ZOO COFFEE,amenity=cafe,ZOO COFFEE,amenity=cafe
gemma3:12b,vlm,suwon__11__crop_001,suwon,천사네일,shop=beauty,전사네일,shop=beauty
gemma3:12b,vlm,suwon__12__crop_001,suwon,JS 미용재료,shop=hairdresser,JS미용재료,shop=beauty
gemma3:12b,vlm,suwon__13__crop_001,suwon,Chou,shop=bakery,Chou Cake House,amenity=restaurant
gemma3:12b,vlm,suwon__13__crop_002,suwon,뼈나라 감자탕,amenity=restaurant,백단홍각창,unknown
gemma3:12b,vlm,suwon__14__crop_001,suwon,에이스 PC,amenity=internet_cafe,네이선 PC,amenity=internet_cafe
gemma3:12b,vlm,suwon__15__crop_001,suwon,커리어 헤어 디자인,shop=hairdresser,Hair Care,shop=hairdresser
gemma3:12b,vlm,suwon__16__crop_001,suwon,골드문주차장,amenity=parking,골드문주차장,amenity=parking
gemma3:12b,vlm,suwon__17__crop_001,suwon,포장마차,amenity=bar,파랑마차,unknown
gemma3:12b,vlm,suwon__18__crop_001,suwon,삼정세탁,shop=laundry,삼정세탁,shop=laundry
gemma3:12b,vlm,suwon__19__crop_001,suwon,이지비아,shop=clothes,영싘데쒩,shop=clothes
gemma3:12b,vlm,suwon__1__crop_001,suwon,baskin robbins,amenity=ice_cream,baskinBRrobbins,amenity=ice_cream
gemma3:12b,vlm,suwon__1__crop_002,suwon,SUNS BURGER,shop=florist,SUNS BURGER & 논포비스,amenity=fast_food
gemma3:12b,vlm,suwon__20__crop_001,suwon,권약국,amenity=pharmacy,렌약국,amenity=pharmacy
gemma3:12b,vlm,suwon__20__crop_002,suwon,권약국,amenity=pharmacy,렌얜국,unknown
gemma3:12b,vlm,suwon__21__crop_001,suwon,태평갈매기,amenity=restaurant,태평갈매기,restaurant
gemma3:12b,vlm,suwon__22__crop_001,suwon,천사강아지,shop=pet,전사강아지,amenity=cafe
gemma3:12b,vlm,suwon__23__crop_001,suwon,백학다방,amenity=cafe,백화대방,unknown
gemma3:12b,vlm,suwon__25__crop_001,suwon,로맨틱 커피숍,amenity=cafe,올맨틱 커피숲,amenity=cafe
gemma3:12b,vlm,suwon__25__crop_002,suwon,모범약국,amenity=pharmacy,모범약국,amenity=pharmacy
gemma3:12b,vlm,suwon__26__crop_001,suwon,조이모텔,tourism=hotel,조이모텔,tourism=hotel
gemma3:12b,vlm,suwon__27__crop_001,suwon,한일통닭,amenity=fast_food,한일통닭호프,amenity=restaurant
gemma3:12b,vlm,suwon__28__crop_001,suwon,설미순대국,amenity=restaurant,설미순대국,amenity=restaurant
gemma3:12b,vlm,suwon__29__crop_001,suwon,MALU HOTEL,tourism=hotel,MALU HOTEL,tourism=hotel
gemma3:12b,vlm,suwon__2__crop_002,suwon,T WORLD,shop=mobile_phone,WORLD,amenity=internet_cafe
gemma3:12b,vlm,suwon__2__crop_003,suwon,T WORLD,shop=mobile_phone,WORLD,unknown
gemma3:12b,vlm,suwon__2__crop_004,suwon,LaLa COIN,amenity=karaoke_box,Lala*coin,unknown
gemma3:12b,vlm,suwon__30__crop_001,suwon,MALU HOTEL,tourism=hotel,GMALU HOTEL,tourism=hotel
gemma3:12b,vlm,suwon__31__crop_001,suwon,두부해물마을,amenity=restaurant,최가네 두부해물마을,amenity=restaurant
gemma3:12b,vlm,suwon__32__crop_001,suwon,신바람돼지주물럭,amenity=restaurant,신바켬대지주불확,unknown
gemma3:12b,vlm,suwon__33__crop_001,suwon,하우주 스즈키 수원대리점,shop=car_repair,하우주 스즈키 수원대리점,shop=car_repair
gemma3:12b,vlm,suwon__34__crop_001,suwon,쪽갈비전문점 예감,amenity=restaurant,조갈비전문점,restaurant
gemma3:12b,vlm,suwon__35__crop_001,suwon,용인 전통 순대국,amenity=restaurant,용인전통손대국,restaurant
gemma3:12b,vlm,suwon__36__crop_001,suwon,대구반야월막창,amenity=restaurant,대구 반야월 탁창,restaurant
gemma3:12b,vlm,suwon__36__crop_002,suwon,지하철,amenity=bar,지하철,amenity=restaurant
gemma3:12b,vlm,suwon__36__crop_003,suwon,색다른HAIR,shop=hairdresser,새다운 HAIR,shop=hairdresser
gemma3:12b,vlm,suwon__37__crop_001,suwon,미가락,amenity=restaurant,味家樂菜,amenity=restaurant
gemma3:12b,vlm,suwon__37__crop_002,suwon,육회한 남자,amenity=restaurant,옥화한 남자,amenity=restaurant
gemma3:12b,vlm,suwon__39__crop_001,suwon,7형제 감자탕,amenity=restaurant,ウヨン식당,restaurant
gemma3:12b,vlm,suwon__3__crop_001,suwon,돼랑,amenity=restaurant,탁다가댕,amenity=restaurant
gemma3:12b,vlm,suwon__40__crop_001,suwon,BOBOS,amenity=bar,Bar Bobos,amenity=bar
gemma3:12b,vlm,suwon__40__crop_002,suwon,참한고기,amenity=restaurant,창한고기,amenity=restaurant
gemma3:12b,vlm,suwon__41__crop_001,suwon,한라돈,amenity=restaurant,한라톤,amenity=karaoke_box
gemma3:12b,vlm,suwon__42__crop_001,suwon,BAR \BOBOS,amenity=bar,Bar Bobos,amenity=bar
gemma3:12b,vlm,suwon__42__crop_002,suwon,두리아족보쌈,amenity=restaurant,드리아 꿀복돼지,restaurant
gemma3:12b,vlm,suwon__42__crop_003,suwon,아리랑,amenity=restaurant,아리랑 빈때,unknown
gemma3:12b,vlm,suwon__43__crop_001,suwon,통큰해물,amenity=restaurant,동근해물,amenity=restaurant
gemma3:12b,vlm,suwon__43__crop_002,suwon,미소갈비,amenity=restaurant,미소갈비,restaurant
gemma3:12b,vlm,suwon__44__crop_001,suwon,세렌디피티,amenity=cafe,세렌디피티,amenity=cafe
gemma3:12b,vlm,suwon__45__crop_001,suwon,여왕통골뱅이,amenity=restaurant,여화동콜뱅이,unknown
gemma3:12b,vlm,suwon__45__crop_002,suwon,부부식당,amenity=restaurant,부복사랑,unknown
gemma3:12b,vlm,suwon__46__crop_001,suwon,김밥친구,amenity=restaurant,김방친구,unknown
gemma3:12b,vlm,suwon__46__crop_002,suwon,Day Hair,shop=hairdresser,Day Hair,shop=hairdresser
gemma3:12b,vlm,suwon__47__crop_001,suwon,불날개닭발,amenity=restaurant,불낙개닭뽁,restaurant
gemma3:12b,vlm,suwon__47__crop_002,suwon,굿모닝,office=estate_agent,국문공인중개사 사무소,office=estate_agent
gemma3:12b,vlm,suwon__48__crop_001,suwon,황소고집,amenity=restaurant,한우공장,amenity=restaurant
gemma3:12b,vlm,suwon__48__crop_002,suwon,불날개닭발,amenity=restaurant,복낙게떡방,restaurant
gemma3:12b,vlm,suwon__49__crop_001,suwon,세진상사,shop=hardware,세진상사,office=company
gemma3:12b,vlm,suwon__4__crop_002,suwon,밥 해주는 남자,amenity=restaurant,밥해주능,amenity=restaurant
gemma3:12b,vlm,suwon__50__crop_001,suwon,조순헤어샵,shop=hairdresser,조순헤어샵,shop=hairdresser
gemma3:12b,vlm,suwon__50__crop_002,suwon,지지베네일,shop=beauty,G.G.Be,amenity=cafe
gemma3:12b,vlm,suwon__51__crop_001,suwon,비젼,office=estate_agent,비전공인중개사,office=estate_agent
gemma3:12b,vlm,suwon__52__crop_001,suwon,모나리자,shop=hairdresser,모나리자 미용실,amenity=hairdresser
gemma3:12b,vlm,suwon__53__crop_001,suwon,SooChon,amenity=restaurant,SooChon CHICKEN,amenity=restaurant
gemma3:12b,vlm,suwon__54__crop_001,suwon,북촌손만두,amenity=restaurant,복성손만두,amenity=restaurant
gemma3:12b,vlm,suwon__55__crop_001,suwon,엽기떡볶이,amenity=fast_food,복다방,amenity=cafe
gemma3:12b,vlm,suwon__57__crop_001,suwon,약,amenity=pharmacy,약,amenity=pharmacy
gemma3:12b,vlm,suwon__58__crop_001,suwon,BYC,shop=clothes,BYC,unknown
gemma3:12b,vlm,suwon__58__crop_002,suwon,한솥,amenity=restaurant,파판한 도서락,amenity=book_cafe
gemma3:12b,vlm,suwon__59__crop_001,suwon,전주콩나루,amenity=restaurant,전수권택시통합,unknown
gemma3:12b,vlm,suwon__59__crop_002,suwon,황금의 집,shop=jewelry,환극의 제법,unknown
gemma3:12b,vlm,suwon__59__crop_003,suwon,남성컷,shop=hairdresser,낙성개발,unknown
gemma3:12b,vlm,suwon__5__crop_001,suwon,진미치킨,amenity=fast_food,젠마차린,cafe
gemma3:12b,vlm,suwon__5__crop_002,suwon,역전 진미 치킨,amenity=fast_food,역경 진미 치킨,amenity=restaurant
gemma3:12b,vlm,suwon__60__crop_001,suwon,한빛약국,amenity=pharmacy,한빛약국,amenity=pharmacy
gemma3:12b,vlm,suwon__60__crop_002,suwon,약,amenity=pharmacy,,unknown
gemma3:12b,vlm,suwon__61__crop_001,suwon,전주콩나루,amenity=restaurant,저수골나물국밥,restaurant
gemma3:12b,vlm,suwon__61__crop_002,suwon,전주콩나루 콩나물국밥,amenity=restaurant,레코드 북 콩 쿨,unknown
gemma3:12b,vlm,suwon__62__crop_001,suwon,권약국,amenity=pharmacy,권약국,amenity=pharmacy
gemma3:12b,vlm,suwon__62__crop_002,suwon,권약국,amenity=pharmacy,엔약국,amenity=pharmacy
gemma3:12b,vlm,suwon__63__crop_001,suwon,산 이 내 린 밥 상 곤드레밥집,amenity=restaurant,잔.이.네.린.밥.상,amenity=restaurant
gemma3:12b,vlm,suwon__64__crop_001,suwon,곤드레밥집,amenity=restaurant,끄레배밥실,unknown
gemma3:12b,vlm,suwon__65__crop_001,suwon,대우 마이홈,office=estate_agent,대우마이홈 공인중개사,office=estate_agent
gemma3:12b,vlm,suwon__65__crop_002,suwon,콩미가 손두부,amenity=restaurant,공미카 스오브,unknown
gemma3:12b,vlm,suwon__65__crop_003,suwon,VALE,,VALE,unknown
gemma3:12b,vlm,suwon__66__crop_001,suwon,대우 마이홈,office=estate_agent,대우 마이홈,unknown
gemma3:12b,vlm,suwon__66__crop_002,suwon,VALENTI,shop=clothes,VALENTI,unknown
gemma3:12b,vlm,suwon__67__crop_001,suwon,어부돈가,amenity=restaurant,에부돈가,amenity=restaurant
gemma3:12b,vlm,suwon__68__crop_001,suwon,VALENTI,shop=clothes,VALENTI,unknown
gemma3:12b,vlm,suwon__69__crop_001,suwon,신성 자동차 정비,shop=car_repair,신성자동차정비,shop=car_repair
gemma3:12b,vlm,suwon__70__crop_001,suwon,신성공업사,shop=car_repair,신성공업사,unknown
gemma3:12b,vlm,suwon__70__crop_002,suwon,신성,shop=car_repair,신성,unknown
gemma3:12b,vlm,suwon__71__crop_001,suwon,참숯구이,amenity=restaurant,참숯구이,restaurant
gemma3:12b,vlm,suwon__72__crop_001,suwon,골목집,amenity=restaurant,ool muk jil,office=company
gemma3:12b,vlm,suwon__73__crop_001,suwon,해장국 수육,amenity=restaurant,해장국·수육,restaurant
gemma3:12b,vlm,suwon__73__crop_002,suwon,유치회관,amenity=restaurant,유치회관,unknown
gemma3:12b,vlm,suwon__74__crop_001,suwon,4900냥 순대국,amenity=restaurant,4900병 손래국,unknown
gemma3:12b,vlm,suwon__75__crop_001,suwon,교육그룹 정진,amenity=school,교육그룹 정진,school
gemma3:12b,vlm,suwon__76__crop_001,suwon,24시 정통마사지,shop=beauty,24시 정통마사지,amenity=massage
gemma3:12b,vlm,suwon__76__crop_002,suwon,럭셔리 노래팡팡,amenity=karaoke_box,럭서리 레볼루션,unknown
gemma3:12b,vlm,suwon__77__crop_001,suwon,스타일 MOTEL,tourism=hotel,스타이 motel,tourism=hotel
gemma3:12b,vlm,suwon__77__crop_002,suwon,스타일,tourism=hotel,세 아이,cafe
gemma3:12b,vlm,suwon__78__crop_001,suwon,모텔 스타일주차장,tourism=hotel,모틸스타이주차장,amenity=parking
gemma3:12b,vlm,suwon__79__crop_001,suwon,소원식당,amenity=restaurant,신육식당,amenity=restaurant
gemma3:12b,vlm,suwon__7__crop_001,suwon,sharalla Brush,shop=clothes,sharalla Brush,unknown
gemma3:12b,vlm,suwon__81__crop_001,suwon,시골집,amenity=restaurant,서실빵집,shop=bakery
gemma3:12b,vlm,suwon__82__crop_001,suwon,시골집,amenity=restaurant,시온통신,office=company
gemma3:12b,vlm,suwon__83__crop_001,suwon,시온성,amenity=restaurant,시운성,amenity=restaurant
gemma3:12b,vlm,suwon__83__crop_002,suwon,짱 PC방,amenity=internet_cafe,OO PC방,amenity=internet_cafe
gemma3:12b,vlm,suwon__84__crop_001,suwon,수입 엔틱 가구,shop=furniture,수입 엔틱 가구,shop=furniture
gemma3:12b,vlm,suwon__85__crop_001,suwon,대게 킹크랩 랍스터,amenity=restaurant,대게나라,restaurant
gemma3:12b,vlm,suwon__86__crop_001,suwon,수입 엔틱 가구,shop=furniture,순일엔터기술,unknown
gemma3:12b,vlm,suwon__86__crop_002,suwon,VERONA,shop=furniture,VERONA,office=company
gemma3:12b,vlm,suwon__87__crop_001,suwon,HOTEL ILMARE,tourism=hotel,HOTEL ILMARE,tourism=hotel
gemma3:12b,vlm,suwon__89__crop_001,suwon,유료주차장,amenity=parking,유료주차장,amenity=parking
gemma3:12b,vlm,suwon__8__crop_001,suwon,경훈약국,amenity=pharmacy,경안약국,amenity=pharmacy
gemma3:12b,vlm,suwon__90__crop_001,suwon,Garma Hair,shop=hairdresser,Garma Hair,shop=hairdresser
gemma3:12b,vlm,suwon__91__crop_001,suwon,부안 바지락촌,amenity=restaurant,북안바지락촌,restaurant
gemma3:12b,vlm,suwon__92__crop_001,suwon,신촌옥 설렁탕 해장국,amenity=restaurant,신촌옥설렁탕해장국,restaurant
gemma3:12b,vlm,suwon__93__crop_002,suwon,PREMIUM MULTI SHOP,shop=clothes,PREMIUM MULTI SHOP,shop=convenience
gemma3:12b,vlm,suwon__94__crop_001,suwon,라미 웨딩쥬얼리,shop=beauty,래미 웨딩플랜리,unknown
gemma3:12b,vlm,suwon__96__crop_001,suwon,르노삼성자동차 인계점,shop=car_repair,프노삼성자산투자 인계원 225-8101,office=company
gemma3:12b,vlm,suwon__97__crop_001,suwon,어구미,amenity=restaurant,예술,unknown
gemma3:12b,vlm,suwon__98__crop_001,suwon,어구미,amenity=restaurant,예테,amenity=cafe
gemma3:12b,vlm,suwon__99__crop_001,suwon,RESTAURANT,amenity=restaurant,RESTAURANT,amenity=restaurant
gemma3:12b,vlm,suwon__9__crop_001,suwon,ISaac,amenity=fast_food,Isaac,amenity=cafe
gemma3:12b,text,brooklyn__100__crop_001,brooklyn,BARGAINLAND,shop=supermarket,BARGAINLAND,shop=clothes
gemma3:12b,text,brooklyn__100__crop_002,brooklyn,HIGH UNIVERSE,,HIGH,unknown
gemma3:12b,text,brooklyn__10__crop_002,brooklyn,ISLAND RIBHOUSE,amenity=restaurant,ISLAND &RIBHOUSE,amenity=restaurant
gemma3:12b,text,brooklyn__11__crop_001,brooklyn,LIT TAX SOLUTIONS,,TAX ELITE SOLUTIONS INC.,office=company
gemma3:12b,text,brooklyn__12__crop_001,brooklyn,ISLAND RIBHOUSE,amenity=restaurant,ISLAND RIBHOUSE,amenity=restaurant
gemma3:12b,text,brooklyn__13__crop_001,brooklyn,FOOD WINE GROCER,shop=supermarket,FOOD WINE GROCER,shop=supermarket
gemma3:12b,text,brooklyn__13__crop_002,brooklyn,9ROUND,leisure=fitness_centre,OROUND,leisure=fitness_centre
gemma3:12b,text,brooklyn__14__crop_002,brooklyn,Hello One Nail Spa,shop=beauty,LI,office
gemma3:12b,text,brooklyn__15__crop_001,brooklyn,30 MIN KICKBOX FITNESS,leisure=fitness_centre,9ROUND,leisure=fitness_centre
gemma3:12b,text,brooklyn__15__crop_002,brooklyn,FOOD WINE GROCER,shop=supermarket,WeLoue,unknown
gemma3:12b,text,brooklyn__16__crop_001,brooklyn,FLY WING E BIKE,shop=car_repair,FLY WING E-BIKE,shop=motorcycle
gemma3:12b,text,brooklyn__16__crop_002,brooklyn,CAMBRIDGE LEACH INC,office=company,PersonAl& OATDDTDOT OTTAOILINICLG6O1,unknown
gemma3:12b,text,brooklyn__17__crop_001,brooklyn,Hello One Nail Spa,shop=beauty,Hello One Nail Spa,shop=beauty
gemma3:12b,text,brooklyn__17__crop_003,brooklyn,total wireless,shop=mobile_phone,total,unknown
gemma3:12b,text,brooklyn__18__crop_001,brooklyn,Dry Cleaning Service,shop=laundry,Champion Landay,unknown
gemma3:12b,text,brooklyn__18__crop_002,brooklyn,ABC BARBER SHOP,shop=hairdresser,BARBER SHOP,shop=hairdresser
gemma3:12b,text,brooklyn__18__crop_003,brooklyn,FLY WING E BIKE,shop=car_repair,FLY WING E-BIKE,shop=motorcycle
gemma3:12b,text,brooklyn__19__crop_001,brooklyn,total wireless,shop=mobile_phone,total,unknown
gemma3:12b,text,brooklyn__1__crop_001,brooklyn,OFF THE GRILL,amenity=restaurant,MEDITERRANEAN CUISINE,amenity=restaurant
gemma3:12b,text,brooklyn__20__crop_001,brooklyn,island pops,amenity=cafe,istand pops,amenity=cafe
gemma3:12b,text,brooklyn__20__crop_002,brooklyn,EMS ACCOUNTING SERVICE,office=company,EMS ACCOUNTING SErVICe,office=company
gemma3:12b,text,brooklyn__21__crop_001,brooklyn,Nostrands Nugs,shop=supermarket,Nostrands,shop=bakery
gemma3:12b,text,brooklyn__21__crop_002,brooklyn,4 BROTHERS FOOD CORP,amenity=restaurant,4 BROTHERS FOOD CORP,amenity=restaurant
gemma3:12b,text,brooklyn__23__crop_001,brooklyn,URBAN MARKET BY,shop=supermarket,URBAN MARKET BY eFo),shop=supermarket
gemma3:12b,text,brooklyn__24__crop_001,brooklyn,RYERSON,amenity=restaurant,RYERSON,unknown
gemma3:12b,text,brooklyn__25__crop_001,brooklyn,URBAN MARKET BY,shop=supermarket,URBAN MARKET,shop=supermarket
gemma3:12b,text,brooklyn__26__crop_001,brooklyn,RYERSON,amenity=restaurant,RYERSON,unknown
gemma3:12b,text,brooklyn__27__crop_002,brooklyn,SHORTY CANDY,shop=supermarket,SHORTYGANDY,unknown
gemma3:12b,text,brooklyn__28__crop_001,brooklyn,GALAXY BEAUTY SHOP,shop=beauty,BEAUTY SHOP,shop=beauty
gemma3:12b,text,brooklyn__29__crop_001,brooklyn,CROWN DISCOUNT STORE 99,shop=supermarket,CROWN DISCOUNT STORE,shop=convenience
gemma3:12b,text,brooklyn__2__crop_001,brooklyn,DUTCH CLEANERS,shop=laundry,DUTCH CLEANERS,shop=laundry
gemma3:12b,text,brooklyn__2__crop_002,brooklyn,VAPE N CLOUD,shop=smoke_shop,CLOUD VAPE,shop=smoke_shop
gemma3:12b,text,brooklyn__2__crop_003,brooklyn,SPRINT REALTY INC,office=estate_agent,SPRINT REALTY INC.,office=estate_agent
gemma3:12b,text,brooklyn__30__crop_002,brooklyn,SHORT CANDY,shop=supermarket,ocer,unknown
gemma3:12b,text,brooklyn__30__crop_003,brooklyn,812 CORP,shop=supermarket,812 CORP.,office=company
gemma3:12b,text,brooklyn__31__crop_001,brooklyn,DELI GRILL,shop=convenience,DELI&GRILL,amenity=restaurant
gemma3:12b,text,brooklyn__32__crop_001,brooklyn,SALS RESTAURANT,amenity=restaurant,SAL'S RESTAURANT,amenity=restaurant
gemma3:12b,text,brooklyn__32__crop_002,brooklyn,EASTERN FRANKLIN WINES LIQUORS,amenity=bar,EASTERN & FRANKLIN,shop
gemma3:12b,text,brooklyn__32__crop_003,brooklyn,DUNKIN,shop=bakery,DUNKIN,amenity=fast_food
gemma3:12b,text,brooklyn__33__crop_001,brooklyn,Capital One Bank,amenity=bank,CapitalOme Bank,amenity=bank
gemma3:12b,text,brooklyn__34__crop_001,brooklyn,Royal Yard Food,amenity=restaurant,Royal Yard Food,amenity=restaurant
gemma3:12b,text,brooklyn__34__crop_002,brooklyn,800 Candy Juice Bar,amenity=bar,800 Candy & duice Bar,amenity=bar
gemma3:12b,text,brooklyn__35__crop_001,brooklyn,STARBUCKS COFFEE,amenity=cafe,STARBUCKS COFFEE,amenity=cafe
gemma3:12b,text,brooklyn__36__crop_001,brooklyn,EL BARRIO BURRITOS,amenity=restaurant,EL BARRIO BURRITOS,amenity=restaurant
gemma3:12b,text,brooklyn__36__crop_002,brooklyn,Nail Salon,shop=hairdresser,Nail salon,shop=beauty
gemma3:12b,text,brooklyn__37__crop_001,brooklyn,E MARTIN SALES RENTALS,office=estate_agent,COMMERCIAL E. MARTIN,office=company
gemma3:12b,text,brooklyn__37__crop_002,brooklyn,GRILL DELI,shop=convenience,GRILL & DELI,amenity=restaurant
gemma3:12b,text,brooklyn__38__crop_001,brooklyn,95 South,amenity=restaurant,RESTAURANT,amenity=restaurant
gemma3:12b,text,brooklyn__38__crop_002,brooklyn,PHARMACY,amenity=pharmacy,FARE HEATH PHARMACYLE,amenity=pharmacy
gemma3:12b,text,brooklyn__38__crop_003,brooklyn,95 South,amenity=restaurant,RESTAURANT,amenity=restaurant
gemma3:12b,text,brooklyn__38__crop_004,brooklyn,PHARMACY,amenity=pharmacy,PHARMACYL,amenity=pharmacy
gemma3:12b,text,brooklyn__3__crop_001,brooklyn,LAUNDROMAT,shop=laundry,LAUNDROMAT,shop=laundry
gemma3:12b,text,brooklyn__40__crop_001,brooklyn,SHEER MADNESS,shop=hairdresser,SHEER MADNESS,amenity=bar
gemma3:12b,text,brooklyn__41__crop_001,brooklyn,FRANKLIN EXPRESS,shop=laundry,LAUNDRY CENTER,shop=laundry
gemma3:12b,text,brooklyn__42__crop_001,brooklyn,Bagel Pub,amenity=bar,Bagel Pub,amenity=restaurant
gemma3:12b,text,brooklyn__44__crop_001,brooklyn,SJ MARKET,shop=supermarket,SJ MARKET,shop=supermarket
gemma3:12b,text,brooklyn__45__crop_001,brooklyn,HAPPY WOK,amenity=restaurant,HAPPY WOK,amenity=restaurant
gemma3:12b,text,brooklyn__46__crop_001,brooklyn,NOOKLYN,office=estate_agent,NOOKLYN,amenity=book_cafe
gemma3:12b,text,brooklyn__47__crop_002,brooklyn,MISC,amenity=restaurant,MISC,unknown
gemma3:12b,text,brooklyn__48__crop_001,brooklyn,RESTAURANT,amenity=restaurant,&7ons RESTAURANT,amenity=restaurant
gemma3:12b,text,brooklyn__48__crop_002,brooklyn,DELI GROCERY,shop=convenience,Amigos,shop=convenience
gemma3:12b,text,brooklyn__49__crop_001,brooklyn,enterprise,amenity=car_rental,rent-a-car,amenity=car_rental
gemma3:12b,text,brooklyn__49__crop_002,brooklyn,enterprise,amenity=car_rental,rent-a-car,amenity=car_rental
gemma3:12b,text,brooklyn__4__crop_001,brooklyn,SuperMarket,shop=supermarket,Supermarket,shop=supermarket
gemma3:12b,text,brooklyn__50__crop_001,brooklyn,THE NEW ATLANTIC Restaurant,amenity=restaurant,THE NEW ATLANTIC Restaurant,amenity=restaurant
gemma3:12b,text,brooklyn__51__crop_001,brooklyn,enterprise,amenity=car_rental,rent-a-car,amenity=car_rental
gemma3:12b,text,brooklyn__52__crop_001,brooklyn,StateFarm,office=company,StateFarm,office=company
gemma3:12b,text,brooklyn__54__crop_001,brooklyn,R FERRARO COLLISION,shop=car_repair,R. FERRARO,shop=car_repair
gemma3:12b,text,brooklyn__54__crop_002,brooklyn,CAROUSEL BEVERAGES,amenity=bar,CAROUSEL BEVERAGES,amenity=bar
gemma3:12b,text,brooklyn__55__crop_001,brooklyn,MIGHTY QUINNS,amenity=restaurant,MIGHTY QUINN'S,amenity=restaurant
gemma3:12b,text,brooklyn__57__crop_001,brooklyn,CAROUSEL BEVERAGES,amenity=bar,BEER CAROUSEL,amenity=bar
gemma3:12b,text,brooklyn__57__crop_003,brooklyn,Powerplay,leisure=fitness_centre,Powerplay,leisure=fitness_centre
gemma3:12b,text,brooklyn__58__crop_001,brooklyn,Powerplay,leisure=fitness_centre,CAMP PROGRANS,leisure=fitness_centre
gemma3:12b,text,brooklyn__59__crop_001,brooklyn,NEW MILLENNIUM MOTORS INC,shop=car_repair,"NEW MILLENNIUM MOTORS, INC.",shop=car_repair
gemma3:12b,text,brooklyn__5__crop_001,brooklyn,ROYAL BAKERY ROTI,shop=bakery,ROYAL,restaurant
gemma3:12b,text,brooklyn__5__crop_002,brooklyn,Nostrand Gold Dealers,shop=jewelry,hrAnLeoCLmL,unknown
gemma3:12b,text,brooklyn__60__crop_001,brooklyn,Powerplay,leisure=fitness_centre,ACTIVITY CENTER,leisure=fitness_centre
gemma3:12b,text,brooklyn__60__crop_004,brooklyn,RISE DEVELOPMENT,office=estate_agent,RISE,office=company
gemma3:12b,text,brooklyn__61__crop_001,brooklyn,DONATO,office=company,PLUMDINGCSOMMERCIAL,office=company
gemma3:12b,text,brooklyn__61__crop_002,brooklyn,DONATO INC,office=company,DONATO INC.,office=company
gemma3:12b,text,brooklyn__62__crop_001,brooklyn,DRUG STORE,amenity=pharmacy,DRUG STORE,amenity=pharmacy
gemma3:12b,text,brooklyn__63__crop_001,brooklyn,FOOD CENTER,amenity=restaurant,BrothersFOOD CENTER,amenity=restaurant
gemma3:12b,text,brooklyn__63__crop_002,brooklyn,GRANDMA LAUNDRY CORNER INC,shop=laundry,GRANDMA LAUNDRY CORNER INC.,shop=laundry
gemma3:12b,text,brooklyn__64__crop_001,brooklyn,BEAUTY SALON,shop=hairdresser,BEAUTY SALON,shop=beauty
gemma3:12b,text,brooklyn__65__crop_001,brooklyn,HARDEE,amenity=fast_food,Mew HARDEE HINLAN,amenity=restaurant
gemma3:12b,text,brooklyn__66__crop_001,brooklyn,DELI,shop=convenience,DELI,restaurant
gemma3:12b,text,brooklyn__66__crop_002,brooklyn,MOZEB,shop=supermarket,MOZEB,unknown
gemma3:12b,text,brooklyn__68__crop_001,brooklyn,UNISEX SALON,shop=hairdresser,HaiUNISEX SALON,shop=hairdresser
gemma3:12b,text,brooklyn__68__crop_002,brooklyn,Franklin Eyecare,amenity=clinic,Franklin Eyecare,shop=optician
gemma3:12b,text,brooklyn__69__crop_001,brooklyn,AMY UNIQUE NAILS INC,shop=beauty,AMY UNIQUE NAILS INC.,shop=beauty
gemma3:12b,text,brooklyn__69__crop_002,brooklyn,SMOK SHOP,shop=smoke_shop,SHOP,shop
gemma3:12b,text,brooklyn__69__crop_003,brooklyn,Lemon Grass,amenity=restaurant,LemonGrass,amenity=restaurant
gemma3:12b,text,brooklyn__70__crop_001,brooklyn,JUICY KING CRAB,amenity=fast_food,JUICY KING CRAB,amenity=restaurant
gemma3:12b,text,brooklyn__70__crop_002,brooklyn,JUICY KING CRAB,amenity=fast_food,YKING,unknown
gemma3:12b,text,brooklyn__71__crop_001,brooklyn,NAILS,shop=beauty,Golden7,shop=beauty
gemma3:12b,text,brooklyn__73__crop_001,brooklyn,POPEYES,amenity=fast_food,POPeYeS,amenity=restaurant
gemma3:12b,text,brooklyn__73__crop_002,brooklyn,SuperFoodtown,shop=supermarket,SuperFoodtown,shop=supermarket
gemma3:12b,text,brooklyn__75__crop_001,brooklyn,NEXT LEVEL Fashions,shop=clothes,NEXT,unknown
gemma3:12b,text,brooklyn__75__crop_002,brooklyn,Modern Nails,shop=beauty,Hodan Jaills,unknown
gemma3:12b,text,brooklyn__76__crop_001,brooklyn,Modern Nails,shop=beauty,Professional Nails Care,shop=beauty
gemma3:12b,text,brooklyn__77__crop_001,brooklyn,Modern Nails,shop=beauty,Professional Nails Care,shop=beauty
gemma3:12b,text,brooklyn__77__crop_002,brooklyn,Mini Market,shop=supermarket,Blessed Mini Market,shop=convenience
gemma3:12b,text,brooklyn__78__crop_001,brooklyn,MNS 99 CENTS UP INC,shop=supermarket,"MNS 99 CENTS & UP, INC",unknown
gemma3:12b,text,brooklyn__79__crop_001,brooklyn,HAIR STUDIO,shop=hairdresser,HAIR STUDIO,shop=hairdresser
gemma3:12b,text,brooklyn__80__crop_001,brooklyn,FULTON,amenity=bar,WHISKEYS,amenity=bar
gemma3:12b,text,brooklyn__80__crop_002,brooklyn,Soldier Restaurant Inc,amenity=restaurant,Soldier Restaurant Inc.,amenity=restaurant
gemma3:12b,text,brooklyn__80__crop_003,brooklyn,HAIR STUDIO,shop=hairdresser,HAIR STUDIO,shop=hairdresser
gemma3:12b,text,brooklyn__81__crop_001,brooklyn,BEAUTY SUPPLY,shop=beauty,Oumou's,shop=beauty
gemma3:12b,text,brooklyn__83__crop_001,brooklyn,FULTON,amenity=bar,RAUOFULTON,amenity=bar
gemma3:12b,text,brooklyn__83__crop_002,brooklyn,A GUSTO,amenity=restaurant,HAT BISTRO,amenity=restaurant
gemma3:12b,text,brooklyn__85__crop_002,brooklyn,LAUNDROMAT,shop=laundry,LAUNDROMAT,shop=laundry
gemma3:12b,text,brooklyn__86__crop_002,brooklyn,Dominos,amenity=fast_food,Domino's,amenity=fast_food
gemma3:12b,text,brooklyn__87__crop_001,brooklyn,DOG DAYCARE,amenity=veterinary,DOG DAYCARE,shop=pet
gemma3:12b,text,brooklyn__88__crop_001,brooklyn,Blooming Brows,shop=beauty,Blooming Brows,shop=beauty
gemma3:12b,text,brooklyn__89__crop_001,brooklyn,Dreamer Nails,shop=beauty,Dreamer Nails,shop=beauty
gemma3:12b,text,brooklyn__8__crop_001,brooklyn,NAILS,shop=beauty,Oachid Salon,shop=florist
gemma3:12b,text,brooklyn__90__crop_001,brooklyn,AR POSTAL MULTISERVICES,amenity=post_office,AR POSTAL & MULTISERVICES,amenity=post_office
gemma3:12b,text,brooklyn__91__crop_001,brooklyn,SOGHO HAIR Salon BRAIDING,shop=hairdresser,SOGHO EPRESS AFRICAN,shop=hairdresser
gemma3:12b,text,brooklyn__92__crop_002,brooklyn,NAIL,shop=beauty,,unknown
gemma3:12b,text,brooklyn__93__crop_001,brooklyn,BRAIDING STYLING,shop=hairdresser,AMINATA,shop=hairdresser
gemma3:12b,text,brooklyn__94__crop_001,brooklyn,RICKY S,amenity=restaurant,RICKY'S JAMAICAN AMERICAN RESTAURANT,amenity=restaurant
gemma3:12b,text,brooklyn__94__crop_002,brooklyn,NEW PEOPLES RESTAURANT,amenity=restaurant,NEW PEOPLE'S RESTAURANT,amenity=restaurant
gemma3:12b,text,brooklyn__94__crop_003,brooklyn,HARDWARE,shop=hardware,FULTON HOME CENTER,shop=hardware
gemma3:12b,text,brooklyn__95__crop_001,brooklyn,NEW PEOPLES RESTAURANT,amenity=restaurant,NEW PEOPLE'S RESTAURANT,amenity=restaurant
gemma3:12b,text,brooklyn__95__crop_002,brooklyn,HARDWARE,shop=hardware,WE CUT KEYS,unknown
gemma3:12b,text,brooklyn__96__crop_001,brooklyn,Rockaway GOURMET DELI GRILL,shop=convenience,Rockaway GOURMET DEL & GILL,amenity=restaurant
gemma3:12b,text,brooklyn__97__crop_001,brooklyn,BEAUTY SUPPLY INC,shop=beauty,K&M,office=company
gemma3:12b,text,brooklyn__97__crop_002,brooklyn,NAILS Inc,shop=beauty,NAILS Inc.,shop=beauty
gemma3:12b,text,brooklyn__97__crop_003,brooklyn,Rockaway GOURMET DELI GRILL,shop=convenience,GOURMET DELI & GRILL,amenity=restaurant
gemma3:12b,text,brooklyn__98__crop_001,brooklyn,BARGAINLAND,shop=supermarket,BARGAINLAND,shop=supermarket
gemma3:12b,text,brooklyn__98__crop_002,brooklyn,BEAUTY SUPPLY INC,shop=beauty,K&M,unknown
gemma3:12b,text,brooklyn__98__crop_003,brooklyn,NAILS Inc,shop=beauty,NAILS Inc.,shop=beauty
gemma3:12b,text,brooklyn__99__crop_002,brooklyn,eyes nyc,shop=optician,eyes.nyc,unknown
gemma3:12b,text,brooklyn__9__crop_001,brooklyn,JOHN GARDEN,amenity=restaurant,JUHN GARDEN,amenity=restaurant
gemma3:12b,text,gangnam__100__crop_001,gangnam,Chicken,amenity=fast_food,비비큐치킨,amenity=fast_food
gemma3:12b,text,gangnam__10__crop_001,gangnam,HOTEL,tourism=hotel,HOTEL,tourism=hotel
gemma3:12b,text,gangnam__10__crop_002,gangnam,Saboten,amenity=restaurant,THE ORIGINAL SHINJUKU DON IOU,restaurant
gemma3:12b,text,gangnam__11__crop_001,gangnam,LOTTERIA,amenity=fast_food,LOTTERIA 롯데리아,amenity=fast_food
gemma3:12b,text,gangnam__11__crop_002,gangnam,짚동가리쌩주,amenity=bar,Korean Pub,amenity=bar
gemma3:12b,text,gangnam__12__crop_001,gangnam,럭셔리브라더스,office=company,럭셔리브라더스,unknown
gemma3:12b,text,gangnam__12__crop_002,gangnam,신오약국,amenity=pharmacy,신오,unknown
gemma3:12b,text,gangnam__13__crop_001,gangnam,The Coffee Bean,amenity=cafe,The Coffee Bean,amenity=cafe
gemma3:12b,text,gangnam__17__crop_001,gangnam,MLB,shop=clothes,MLB,unknown
gemma3:12b,text,gangnam__17__crop_002,gangnam,espoir,shop=beauty,espoir,shop=beauty
gemma3:12b,text,gangnam__18__crop_001,gangnam,MLB,shop=clothes,B,unknown
gemma3:12b,text,gangnam__18__crop_002,gangnam,우리은행 강남역지점,amenity=bank,우리은행,amenity=bank
gemma3:12b,text,gangnam__19__crop_001,gangnam,파파스레시피 2F,amenity=restaurant,쭈꾸미불고기전문,amenity=restaurant
gemma3:12b,text,gangnam__1__crop_001,gangnam,milk,amenity=karaoke_box,MILK MUSIC TOWN,amenity=cafe
gemma3:12b,text,gangnam__20__crop_001,gangnam,THE PLACE ITALIAN URBAN BISTRO,amenity=restaurant,ITALIAN URBAN BISTRO,amenity=restaurant
gemma3:12b,text,gangnam__21__crop_001,gangnam,baskin BR robbins,amenity=ice_cream,baskiN BR robbiNs,amenity=ice_cream
gemma3:12b,text,gangnam__22__crop_001,gangnam,혜화 돌쇠 아저씨,amenity=restaurant,혜화 돌쇠,restaurant
gemma3:12b,text,gangnam__23__crop_001,gangnam,문교동낙지,amenity=restaurant,문교동낙지,amenity=restaurant
gemma3:12b,text,gangnam__24__crop_001,gangnam,SUBWAY,amenity=fast_food,SUBWAY,amenity=fast_food
gemma3:12b,text,gangnam__25__crop_001,gangnam,GOLD,,GOLD,unknown
gemma3:12b,text,gangnam__27__crop_001,gangnam,CU,shop=convenience,CU,shop=convenience
gemma3:12b,text,gangnam__28__crop_001,gangnam,THE CAFE 8 6 8,amenity=cafe,THE CAFE,amenity=cafe
gemma3:12b,text,gangnam__29__crop_001,gangnam,라이브 유흥주점,amenity=bar,오페라,amenity=bar
gemma3:12b,text,gangnam__2__crop_001,gangnam,HERRY S COFFEE,amenity=cafe,HERRY'S COFFEE,amenity=cafe
gemma3:12b,text,gangnam__30__crop_001,gangnam,Emoi,amenity=restaurant,VIETNAM KITCHEN,amenity=restaurant
gemma3:12b,text,gangnam__31__crop_001,gangnam,정통중국요리,amenity=restaurant,최정통주국요리,amenity=restaurant
gemma3:12b,text,gangnam__32__crop_001,gangnam,IZAKAYA TAN,amenity=bar,IZAKAYA TAN,amenity=restaurant
gemma3:12b,text,gangnam__33__crop_001,gangnam,DUNKIN,shop=bakery,DUNKIN DONUTS,amenity=fast_food
gemma3:12b,text,gangnam__34__crop_001,gangnam,MINI STOP,shop=convenience,MINI STOP,shop=convenience
gemma3:12b,text,gangnam__35__crop_001,gangnam,olleh O,shop=mobile_phone,Glleh,shop=mobile_phone
gemma3:12b,text,gangnam__35__crop_002,gangnam,효성해링턴타워,office=building,더 퍼스트,office=building
gemma3:12b,text,gangnam__35__crop_004,gangnam,olleh O,shop=mobile_phone,스학포예스 강남역점,shop=mobile_phone
gemma3:12b,text,gangnam__35__crop_006,gangnam,효성해링턴타워,office=building,더 퍼스트,office=building
gemma3:12b,text,gangnam__37__crop_001,gangnam,eye scream,shop=optician,아의스크림,amenity=ice_cream
gemma3:12b,text,gangnam__38__crop_001,gangnam,CANDLE SOAP,amenity=cafe,CANDLEASOAP,unknown
gemma3:12b,text,gangnam__39__crop_001,gangnam,쭈꾸미불낙,amenity=restaurant,쭈꾸미불낙,amenity=restaurant
gemma3:12b,text,gangnam__3__crop_001,gangnam,Yomenya Goemon Japanese Spaghetti,amenity=restaurant,Yomenya Goemon,amenity=restaurant
gemma3:12b,text,gangnam__40__crop_001,gangnam,로빈힐,amenity=bar,로빈,amenity=bar
gemma3:12b,text,gangnam__41__crop_001,gangnam,모닝글로리,shop=stationery,모닝클로리,amenity=cafe
gemma3:12b,text,gangnam__42__crop_001,gangnam,흑마늘족발 보쌈 순대국,amenity=restaurant,다당흑마늘족발 보쌈 순대국,amenity=restaurant
gemma3:12b,text,gangnam__43__crop_001,gangnam,7 ELEVEN,shop=convenience,ELEVEN,amenity=internet_cafe
gemma3:12b,text,gangnam__44__crop_001,gangnam,7 ELEVEN,shop=convenience,ELETE,unknown
gemma3:12b,text,gangnam__44__crop_002,gangnam,영 동 껍데기,amenity=restaurant,동보,amenity=restaurant
gemma3:12b,text,gangnam__45__crop_001,gangnam,영동 껍데기 소금구이,amenity=restaurant,영동,restaurant
gemma3:12b,text,gangnam__46__crop_001,gangnam,통돼지찌개집,amenity=restaurant,통돼지김치찌개,amenity=restaurant
gemma3:12b,text,gangnam__47__crop_001,gangnam,나주,amenity=restaurant,숙성한우와 나주곰탕 전문점,amenity=restaurant
gemma3:12b,text,gangnam__48__crop_001,gangnam,FOOD,amenity=restaurant,김밥천국,amenity=restaurant
gemma3:12b,text,gangnam__49__crop_001,gangnam,PARIS BAGUETTE,shop=bakery,파리바게뜨,shop=bakery
gemma3:12b,text,gangnam__4__crop_001,gangnam,CASA JOVEN,amenity=bar,CASA JOVEN,unknown
gemma3:12b,text,gangnam__50__crop_001,gangnam,coffeesmith,amenity=cafe,커피스미스,amenity=cafe
gemma3:12b,text,gangnam__51__crop_001,gangnam,GS25,shop=convenience,FriendyFrend,unknown
gemma3:12b,text,gangnam__52__crop_001,gangnam,MizMedi Hospital,amenity=clinic,Miz Medi Hospital,amenity=clinic
gemma3:12b,text,gangnam__54__crop_001,gangnam,EM 학원,amenity=school,ZEM,school
gemma3:12b,text,gangnam__54__crop_002,gangnam,ZUM 줌,leisure=fitness_centre,필라테스,leisure=fitness_centre
gemma3:12b,text,gangnam__55__crop_001,gangnam,대성,office=estate_agent,대성,office=company
gemma3:12b,text,gangnam__55__crop_002,gangnam,ROYAL KITCHEN,amenity=restaurant,로얄키친,amenity=restaurant
gemma3:12b,text,gangnam__55__crop_003,gangnam,로얄키친,amenity=restaurant,로얄키친,amenity=restaurant
gemma3:12b,text,gangnam__56__crop_002,gangnam,믿음부동산,office=estate_agent,믿음부동산,office=estate_agent
gemma3:12b,text,gangnam__57__crop_001,gangnam,삼성서점,shop=books,삼성서점,shop=books
gemma3:12b,text,gangnam__57__crop_002,gangnam,솔로몬 공인중개사사무소,office=estate_agent,솔로론 공인중개 사무소,office=estate_agent
gemma3:12b,text,gangnam__58__crop_001,gangnam,VIP 노래방,amenity=karaoke_box,VIP노래방,amenity=karaoke_box
gemma3:12b,text,gangnam__58__crop_002,gangnam,정관장,shop=health_food,이저과자호사56,shop=ice_cream
gemma3:12b,text,gangnam__59__crop_001,gangnam,메디팜 나리약국,amenity=pharmacy,메디팜 나리약국,amenity=pharmacy
gemma3:12b,text,gangnam__59__crop_002,gangnam,VIP 노래방,amenity=karaoke_box,VIP 노래방,amenity=karaoke_box
gemma3:12b,text,gangnam__59__crop_003,gangnam,정관장,shop=health_food,정관장,shop=health_food
gemma3:12b,text,gangnam__5__crop_001,gangnam,MOS BURGER,amenity=fast_food,MOS BURGER,amenity=fast_food
gemma3:12b,text,gangnam__5__crop_003,gangnam,부대찌개,amenity=restaurant,놀부,amenity=restaurant
gemma3:12b,text,gangnam__60__crop_001,gangnam,이수정국어 논술,amenity=school,이수정 국어 논술,shop=bookstore
gemma3:12b,text,gangnam__61__crop_001,gangnam,PAIK S COFFEE,amenity=cafe,PAIK'S COFFEE,amenity=cafe
gemma3:12b,text,gangnam__61__crop_002,gangnam,MINI STOP,shop=convenience,MINI STOP,shop=convenience
gemma3:12b,text,gangnam__62__crop_001,gangnam,MINISTOP,shop=convenience,MINI STOP,shop=convenience
gemma3:12b,text,gangnam__62__crop_002,gangnam,MINISTOP,shop=convenience,HINI SO,unknown
gemma3:12b,text,gangnam__63__crop_001,gangnam,MINISTOP,shop=convenience,치시내점,shop=convenience
gemma3:12b,text,gangnam__64__crop_001,gangnam,SUSHI BROS,amenity=restaurant,SUSHI BROS,amenity=restaurant
gemma3:12b,text,gangnam__64__crop_002,gangnam,MINI STOP,shop=convenience,MINI STOP,shop=convenience
gemma3:12b,text,gangnam__64__crop_003,gangnam,SIZAK STUDY CAFE,amenity=study_cafe,SIZAKSTUDYCAFE,amenity=study_cafe
gemma3:12b,text,gangnam__65__crop_001,gangnam,빽다방,amenity=cafe,빽다방,amenity=cafe
gemma3:12b,text,gangnam__66__crop_002,gangnam,으뜸 공인중개사,office=estate_agent,으뜸 공인중개사,office=estate_agent
gemma3:12b,text,gangnam__67__crop_001,gangnam,한강 오토바이,shop=motorcycle,한강오토바이,shop=motorcycle
gemma3:12b,text,gangnam__67__crop_002,gangnam,천재 공인중개사,office=estate_agent,천재 공인중개사무소,office=estate_agent
gemma3:12b,text,gangnam__68__crop_001,gangnam,by LYNN,shop=clothes,LYNN,unknown
gemma3:12b,text,gangnam__69__crop_001,gangnam,미래향,amenity=restaurant,미래향,amenity=restaurant
gemma3:12b,text,gangnam__6__crop_001,gangnam,HERRY S COFFEE,amenity=cafe,해리스커피,amenity=cafe
gemma3:12b,text,gangnam__70__crop_001,gangnam,병천순대,amenity=restaurant,병천순대,amenity=restaurant
gemma3:12b,text,gangnam__70__crop_002,gangnam,라라감자탕,amenity=restaurant,라라감자탕,amenity=restaurant
gemma3:12b,text,gangnam__70__crop_003,gangnam,민속주점,amenity=bar,민속주점,amenity=bar
gemma3:12b,text,gangnam__71__crop_001,gangnam,금초한의원,amenity=clinic,금초한의원,amenity=clinic
gemma3:12b,text,gangnam__71__crop_002,gangnam,맥주창고,amenity=bar,맥주창고,amenity=bar
gemma3:12b,text,gangnam__71__crop_003,gangnam,박지향 Book Cafe,amenity=book_cafe,박지향 BooK Cafe,amenity=book_cafe
gemma3:12b,text,gangnam__71__crop_004,gangnam,강남김밥,amenity=restaurant,강남김밥,amenity=restaurant
gemma3:12b,text,gangnam__72__crop_001,gangnam,CU,shop=convenience,CU,shop=convenience
gemma3:12b,text,gangnam__73__crop_001,gangnam,정재용헤어,shop=hairdresser,정재용헤어 청,shop=hairdresser
gemma3:12b,text,gangnam__73__crop_002,gangnam,by JUNG JAE YONG,shop=hairdresser,HAIR SALON,shop=hairdresser
gemma3:12b,text,gangnam__74__crop_001,gangnam,밥타임,amenity=restaurant,브리또주먹밥,amenity=restaurant
gemma3:12b,text,gangnam__74__crop_002,gangnam,MARIAN,shop=bakery,MARIAN,unknown
gemma3:12b,text,gangnam__75__crop_001,gangnam,함 박 웃 음,amenity=restaurant,함 박 웃음,amenity=restaurant
gemma3:12b,text,gangnam__76__crop_001,gangnam,유니에셋,office=estate_agent,강남공인중개사사무소,office=estate_agent
gemma3:12b,text,gangnam__76__crop_002,gangnam,유니에셋,office=estate_agent,유니에셋,office=estate_agent
gemma3:12b,text,gangnam__77__crop_001,gangnam,대치래미안,office=estate_agent,대치래미안 공인중개사사무소,office=estate_agent
gemma3:12b,text,gangnam__77__crop_002,gangnam,영광,office=estate_agent,공인중개사 사무소,office=estate_agent
gemma3:12b,text,gangnam__78__crop_001,gangnam,영광,office=estate_agent,공인중개사 사무소,office=estate_agent
gemma3:12b,text,gangnam__78__crop_002,gangnam,리빙인테리어,shop=furniture,리빙인테리어,shop=furniture
gemma3:12b,text,gangnam__79__crop_001,gangnam,GS25,shop=convenience,GS25,shop=convenience
gemma3:12b,text,gangnam__79__crop_002,gangnam,시래기국 깡장보리밥,amenity=restaurant,윤미역직영점,restaurant
gemma3:12b,text,gangnam__7__crop_001,gangnam,Pomato,amenity=restaurant,Pomato,cafe
gemma3:12b,text,gangnam__7__crop_002,gangnam,딸부자네 불백,amenity=restaurant,암자네불백,restaurant
gemma3:12b,text,gangnam__7__crop_003,gangnam,7 ELEVEN,shop=convenience,ELEVEN,amenity=internet_cafe
gemma3:12b,text,gangnam__80__crop_001,gangnam,GS25,shop=convenience,지에스2Fun Fun 강남한점,shop=convenience
gemma3:12b,text,gangnam__81__crop_001,gangnam,GS25,shop=convenience,GS25,shop=convenience
gemma3:12b,text,gangnam__81__crop_002,gangnam,시래기국 깡장보리밥,amenity=restaurant,계몽돈까스,amenity=restaurant
gemma3:12b,text,gangnam__82__crop_001,gangnam,김영희 동태찜 코다리냉면,amenity=restaurant,책물요리,amenity=book_cafe
gemma3:12b,text,gangnam__83__crop_001,gangnam,김영희 동태찜 코다리냉면,amenity=restaurant,김영희,amenity=restaurant
gemma3:12b,text,gangnam__84__crop_001,gangnam,상품권닷컴,office=company,상품권닷컴,unknown
gemma3:12b,text,gangnam__84__crop_002,gangnam,Pasta Dough,amenity=restaurant,BstaoDough,shop=bakery
gemma3:12b,text,gangnam__85__crop_001,gangnam,상품권닷컴,office=company,상품권닷컴,unknown
gemma3:12b,text,gangnam__85__crop_002,gangnam,Pasta Dough,amenity=restaurant,ZUT,unknown
gemma3:12b,text,gangnam__85__crop_003,gangnam,카츠젠,amenity=restaurant,카추젠,amenity=restaurant
gemma3:12b,text,gangnam__86__crop_001,gangnam,부대찌개,amenity=restaurant,대왕,amenity=restaurant
gemma3:12b,text,gangnam__86__crop_002,gangnam,카츠젠,amenity=restaurant,수제돈카초 전문점,amenity=restaurant
gemma3:12b,text,gangnam__86__crop_003,gangnam,상품권닷컴,office=company,LOFO,unknown
gemma3:12b,text,gangnam__87__crop_001,gangnam,엠엑스,shop=beauty,M피부과,amenity=clinic
gemma3:12b,text,gangnam__87__crop_002,gangnam,BROZ PUB,amenity=bar,BROZ PUB,amenity=bar
gemma3:12b,text,gangnam__88__crop_001,gangnam,창포,amenity=restaurant,손만두 코다리찜,amenity=restaurant
gemma3:12b,text,gangnam__89__crop_001,gangnam,Nice to CU,shop=convenience,CUD,unknown
gemma3:12b,text,gangnam__8__crop_002,gangnam,7 ELEVEN,shop=convenience,ELEVEn,unknown
gemma3:12b,text,gangnam__8__crop_003,gangnam,THE FOOT SHOP,shop=beauty,THE FOOT,unknown
gemma3:12b,text,gangnam__90__crop_001,gangnam,Nice to CU,shop=convenience,Niceto CU,cafe
gemma3:12b,text,gangnam__90__crop_002,gangnam,필리아 약국,amenity=pharmacy,필리아 약국,amenity=pharmacy
gemma3:12b,text,gangnam__91__crop_001,gangnam,Nice to CU,shop=convenience,Niceto CU,cafe
gemma3:12b,text,gangnam__92__crop_001,gangnam,I Nail,shop=beauty,Nal,cafe
gemma3:12b,text,gangnam__94__crop_001,gangnam,CAFFE PIE,amenity=cafe,CAFFE,amenity=cafe
gemma3:12b,text,gangnam__95__crop_001,gangnam,헤어명가,shop=hairdresser,헤어명가,shop=hairdresser
gemma3:12b,text,gangnam__96__crop_001,gangnam,스터디카페 24시,amenity=study_cafe,비에이블,amenity=cafe
gemma3:12b,text,gangnam__97__crop_001,gangnam,7,shop=convenience,,unknown
gemma3:12b,text,gangnam__98__crop_001,gangnam,KOREA POST,amenity=post_office,우편취급국,amenity=post_office
gemma3:12b,text,gangnam__99__crop_001,gangnam,워너비,amenity=school,워너비,unknown
gemma3:12b,text,gangnam__9__crop_001,gangnam,초 만 원,amenity=restaurant,초만원,amenity=restaurant
gemma3:12b,text,suwon__100__crop_001,suwon,전주 콩나물국밥,amenity=restaurant,전주콩나물국밥,amenity=restaurant
gemma3:12b,text,suwon__10__crop_001,suwon,7 ELEVEN,shop=convenience,ELEVEn,unknown
gemma3:12b,text,suwon__10__crop_002,suwon,Bur3wa,,BuRgwa.,cafe
gemma3:12b,text,suwon__10__crop_003,suwon,ZOO COFFEE,amenity=cafe,ZOO COFFEE,amenity=cafe
gemma3:12b,text,suwon__11__crop_001,suwon,천사네일,shop=beauty,천사네일,shop=beauty
gemma3:12b,text,suwon__12__crop_001,suwon,JS 미용재료,shop=hairdresser,JS미용재료,shop=beauty
gemma3:12b,text,suwon__13__crop_001,suwon,Chou,shop=bakery,Cake House,shop=bakery
gemma3:12b,text,suwon__13__crop_002,suwon,뼈나라 감자탕,amenity=restaurant,감자탕,amenity=restaurant
gemma3:12b,text,suwon__14__crop_001,suwon,에이스 PC,amenity=internet_cafe,에이스 PC,amenity=internet_cafe
gemma3:12b,text,suwon__15__crop_001,suwon,커리어 헤어 디자인,shop=hairdresser,커리어 헤어 디자인,shop=hairdresser
gemma3:12b,text,suwon__16__crop_001,suwon,골드문주차장,amenity=parking,골드문주차장,amenity=parking
gemma3:12b,text,suwon__17__crop_001,suwon,포장마차,amenity=bar,장마치,unknown
gemma3:12b,text,suwon__18__crop_001,suwon,삼정세탁,shop=laundry,삼정세탁,shop=laundry
gemma3:12b,text,suwon__19__crop_001,suwon,이지비아,shop=clothes,Total fashion,shop=clothes
gemma3:12b,text,suwon__1__crop_001,suwon,baskin robbins,amenity=ice_cream,baskiN BR robbins,amenity=fast_food
gemma3:12b,text,suwon__1__crop_002,suwon,SUNS BURGER,shop=florist,SUNS BURGER23,amenity=fast_food
gemma3:12b,text,suwon__20__crop_001,suwon,권약국,amenity=pharmacy,국,unknown
gemma3:12b,text,suwon__20__crop_002,suwon,권약국,amenity=pharmacy,권약국,amenity=pharmacy
gemma3:12b,text,suwon__21__crop_001,suwon,태평갈매기,amenity=restaurant,태평갈매기,amenity=restaurant
gemma3:12b,text,suwon__22__crop_001,suwon,천사강아지,shop=pet,전사강아지,shop=pet
gemma3:12b,text,suwon__23__crop_001,suwon,백학다방,amenity=cafe,백학다방,amenity=cafe
gemma3:12b,text,suwon__25__crop_001,suwon,로맨틱 커피숍,amenity=cafe,로맨틱 커피숍,amenity=cafe
gemma3:12b,text,suwon__25__crop_002,suwon,모범약국,amenity=pharmacy,모범약국,amenity=pharmacy
gemma3:12b,text,suwon__26__crop_001,suwon,조이모텔,tourism=hotel,조이,amenity=cafe
gemma3:12b,text,suwon__27__crop_001,suwon,한일통닭,amenity=fast_food,한일통닭,amenity=restaurant
gemma3:12b,text,suwon__28__crop_001,suwon,설미순대국,amenity=restaurant,설미순대국,amenity=restaurant
gemma3:12b,text,suwon__29__crop_001,suwon,MALU HOTEL,tourism=hotel,MALU HOTEL,tourism=hotel
gemma3:12b,text,suwon__2__crop_002,suwon,T WORLD,shop=mobile_phone,공식인중대리점,unknown
gemma3:12b,text,suwon__2__crop_003,suwon,T WORLD,shop=mobile_phone,WORLD,unknown
gemma3:12b,text,suwon__2__crop_004,suwon,LaLa COIN,amenity=karaoke_box,Lal a COIN,unknown
gemma3:12b,text,suwon__30__crop_001,suwon,MALU HOTEL,tourism=hotel,GMALU HOTEL,tourism=hotel
gemma3:12b,text,suwon__31__crop_001,suwon,두부해물마을,amenity=restaurant,최가네,amenity=restaurant
gemma3:12b,text,suwon__32__crop_001,suwon,신바람돼지주물럭,amenity=restaurant,신바람돼지주물력,amenity=restaurant
gemma3:12b,text,suwon__33__crop_001,suwon,하우주 스즈키 수원대리점,shop=car_repair,동수원모터스,shop=car_repair
gemma3:12b,text,suwon__34__crop_001,suwon,쪽갈비전문점 예감,amenity=restaurant,폭갈비전문점 예감!,amenity=restaurant
gemma3:12b,text,suwon__35__crop_001,suwon,용인 전통 순대국,amenity=restaurant,용인 전통 순대국,amenity=restaurant
gemma3:12b,text,suwon__36__crop_001,suwon,대구반야월막창,amenity=restaurant,대구에센,unknown
gemma3:12b,text,suwon__36__crop_002,suwon,지하철,amenity=bar,노래하는 포장마차,amenity=bar
gemma3:12b,text,suwon__36__crop_003,suwon,색다른HAIR,shop=hairdresser,색다른 HAIR,shop=hairdresser
gemma3:12b,text,suwon__37__crop_001,suwon,미가락,amenity=restaurant,,unknown
gemma3:12b,text,suwon__37__crop_002,suwon,육회한 남자,amenity=restaurant,육회한 남자,amenity=restaurant
gemma3:12b,text,suwon__39__crop_001,suwon,7형제 감자탕,amenity=restaurant,허데감자랑,amenity=restaurant
gemma3:12b,text,suwon__3__crop_001,suwon,돼랑,amenity=restaurant,돼랑,unknown
gemma3:12b,text,suwon__40__crop_001,suwon,BOBOS,amenity=bar,BoBos,amenity=bar
gemma3:12b,text,suwon__40__crop_002,suwon,참한고기,amenity=restaurant,참한고기,amenity=restaurant
gemma3:12b,text,suwon__41__crop_001,suwon,한라돈,amenity=restaurant,한라돈,amenity=restaurant
gemma3:12b,text,suwon__42__crop_001,suwon,BAR \BOBOS,amenity=bar,BoBOS,amenity=bar
gemma3:12b,text,suwon__42__crop_002,suwon,두리아족보쌈,amenity=restaurant,독리아 족보쌈,amenity=restaurant
gemma3:12b,text,suwon__42__crop_003,suwon,아리랑,amenity=restaurant,아리랑 빈태떡,shop=bakery
gemma3:12b,text,suwon__43__crop_001,suwon,통큰해물,amenity=restaurant,통큰해물,amenity=restaurant
gemma3:12b,text,suwon__43__crop_002,suwon,미소갈비,amenity=restaurant,미소갈비,amenity=restaurant
gemma3:12b,text,suwon__44__crop_001,suwon,세렌디피티,amenity=cafe,Sanaucn 세렌디피티,amenity=cafe
gemma3:12b,text,suwon__45__crop_001,suwon,여왕통골뱅이,amenity=restaurant,여왕통골뱅이,restaurant
gemma3:12b,text,suwon__45__crop_002,suwon,부부식당,amenity=restaurant,부부식당,amenity=restaurant
gemma3:12b,text,suwon__46__crop_001,suwon,김밥친구,amenity=restaurant,김밥 친구,amenity=restaurant
gemma3:12b,text,suwon__46__crop_002,suwon,Day Hair,shop=hairdresser,Day Hair,shop=hairdresser
gemma3:12b,text,suwon__47__crop_001,suwon,불날개닭발,amenity=restaurant,또두마리,amenity=restaurant
gemma3:12b,text,suwon__47__crop_002,suwon,굿모닝,office=estate_agent,굿모닝 공인중개사소,office=estate_agent
gemma3:12b,text,suwon__48__crop_001,suwon,황소고집,amenity=restaurant,황소고집,amenity=restaurant
gemma3:12b,text,suwon__48__crop_002,suwon,불날개닭발,amenity=restaurant,숯불구이 맛,amenity=restaurant
gemma3:12b,text,suwon__49__crop_001,suwon,세진상사,shop=hardware,세진상사 전건,shop=hardware
gemma3:12b,text,suwon__4__crop_002,suwon,밥 해주는 남자,amenity=restaurant,밥 해주는 남자,amenity=restaurant
gemma3:12b,text,suwon__50__crop_001,suwon,조순헤어샵,shop=hairdresser,조순 헤어샵,shop=hairdresser
gemma3:12b,text,suwon__50__crop_002,suwon,지지베네일,shop=beauty,지지베네일,shop=beauty
gemma3:12b,text,suwon__51__crop_001,suwon,비젼,office=estate_agent,비젼 공인중개사,office=estate_agent
gemma3:12b,text,suwon__52__crop_001,suwon,모나리자,shop=hairdresser,미용실,shop=hairdresser
gemma3:12b,text,suwon__53__crop_001,suwon,SooChon,amenity=restaurant,수촌치킨,amenity=restaurant
gemma3:12b,text,suwon__54__crop_001,suwon,북촌손만두,amenity=restaurant,부천손반락 수원역1호점,amenity=restaurant
gemma3:12b,text,suwon__55__crop_001,suwon,엽기떡볶이,amenity=fast_food,수원역점,amenity=restaurant
gemma3:12b,text,suwon__57__crop_001,suwon,약,amenity=pharmacy,약,amenity=pharmacy
gemma3:12b,text,suwon__58__crop_001,suwon,BYC,shop=clothes,역전라,unknown
gemma3:12b,text,suwon__58__crop_002,suwon,한솥,amenity=restaurant,한솥,amenity=fast_food
gemma3:12b,text,suwon__59__crop_001,suwon,전주콩나루,amenity=restaurant,궁나물국밥,amenity=restaurant
gemma3:12b,text,suwon__59__crop_002,suwon,황금의 집,shop=jewelry,황금의 임,unknown
gemma3:12b,text,suwon__59__crop_003,suwon,남성컷,shop=hairdresser,TATTOO헤나,unknown
gemma3:12b,text,suwon__5__crop_001,suwon,진미치킨,amenity=fast_food,진미치킨,amenity=restaurant
gemma3:12b,text,suwon__5__crop_002,suwon,역전 진미 치킨,amenity=fast_food,역전 진미 치킨,amenity=restaurant
gemma3:12b,text,suwon__60__crop_001,suwon,한빛약국,amenity=pharmacy,한빛약국,amenity=pharmacy
gemma3:12b,text,suwon__60__crop_002,suwon,약,amenity=pharmacy,약,amenity=pharmacy
gemma3:12b,text,suwon__61__crop_001,suwon,전주콩나루,amenity=restaurant,전주콩나름,amenity=restaurant
gemma3:12b,text,suwon__61__crop_002,suwon,전주콩나루 콩나물국밥,amenity=restaurant,황업도우,unknown
gemma3:12b,text,suwon__62__crop_001,suwon,권약국,amenity=pharmacy,권약국,amenity=pharmacy
gemma3:12b,text,suwon__62__crop_002,suwon,권약국,amenity=pharmacy,국,unknown
gemma3:12b,text,suwon__63__crop_001,suwon,산 이 내 린 밥 상 곤드레밥집,amenity=restaurant,곤트레밥집점,amenity=restaurant
gemma3:12b,text,suwon__64__crop_001,suwon,곤드레밥집,amenity=restaurant,곤드러밥집,amenity=restaurant
gemma3:12b,text,suwon__65__crop_001,suwon,대우 마이홈,office=estate_agent,대우 맞이홈,office=company
gemma3:12b,text,suwon__65__crop_002,suwon,콩미가 손두부,amenity=restaurant,콩이가,unknown
gemma3:12b,text,suwon__65__crop_003,suwon,VALE,,VALE,unknown
gemma3:12b,text,suwon__66__crop_001,suwon,대우 마이홈,office=estate_agent,대우 많이홈,office=estate_agent
gemma3:12b,text,suwon__66__crop_002,suwon,VALENTI,shop=clothes,VALENT편집집,unknown
gemma3:12b,text,suwon__67__crop_001,suwon,어부돈가,amenity=restaurant,어부돈가,amenity=restaurant
gemma3:12b,text,suwon__68__crop_001,suwon,VALENTI,shop=clothes,VALENT편집산,unknown
gemma3:12b,text,suwon__69__crop_001,suwon,신성 자동차 정비,shop=car_repair,신정지동지정비,shop=car_repair
gemma3:12b,text,suwon__70__crop_001,suwon,신성공업사,shop=car_repair,신성공업사,shop=car_repair
gemma3:12b,text,suwon__70__crop_002,suwon,신성,shop=car_repair,,unknown
gemma3:12b,text,suwon__71__crop_001,suwon,참숯구이,amenity=restaurant,참숯구이,amenity=restaurant
gemma3:12b,text,suwon__72__crop_001,suwon,골목집,amenity=restaurant,골목집,amenity=restaurant
gemma3:12b,text,suwon__73__crop_001,suwon,해장국 수육,amenity=restaurant,원조 해장국 수육,amenity=restaurant
gemma3:12b,text,suwon__73__crop_002,suwon,유치회관,amenity=restaurant,유치회관,amenity=restaurant
gemma3:12b,text,suwon__74__crop_001,suwon,4900냥 순대국,amenity=restaurant,,unknown
gemma3:12b,text,suwon__75__crop_001,suwon,교육그룹 정진,amenity=school,광전중니어어커대역,unknown
gemma3:12b,text,suwon__76__crop_001,suwon,24시 정통마사지,shop=beauty,24시 정통마사지,amenity=massage
gemma3:12b,text,suwon__76__crop_002,suwon,럭셔리 노래팡팡,amenity=karaoke_box,력셔라장,unknown
gemma3:12b,text,suwon__77__crop_001,suwon,스타일 MOTEL,tourism=hotel,MOTE,unknown
gemma3:12b,text,suwon__77__crop_002,suwon,스타일,tourism=hotel,,unknown
gemma3:12b,text,suwon__78__crop_001,suwon,모텔 스타일주차장,tourism=hotel,모텔,tourism=hotel
gemma3:12b,text,suwon__79__crop_001,suwon,소원식당,amenity=restaurant,소원식당,amenity=restaurant
gemma3:12b,text,suwon__7__crop_001,suwon,sharalla Brush,shop=clothes,샤랄라,cafe
gemma3:12b,text,suwon__81__crop_001,suwon,시골집,amenity=restaurant,RA,unknown
gemma3:12b,text,suwon__82__crop_001,suwon,시골집,amenity=restaurant,D시골집,amenity=restaurant
gemma3:12b,text,suwon__83__crop_001,suwon,시온성,amenity=restaurant,시온성,amenity=restaurant
gemma3:12b,text,suwon__83__crop_002,suwon,짱 PC방,amenity=internet_cafe,자PC방,amenity=internet_cafe
gemma3:12b,text,suwon__84__crop_001,suwon,수입 엔틱 가구,shop=furniture,수입 엔틱 가구,shop=furniture
gemma3:12b,text,suwon__85__crop_001,suwon,대게 킹크랩 랍스터,amenity=restaurant,대게7킹크랩랍스터,amenity=restaurant
gemma3:12b,text,suwon__86__crop_001,suwon,수입 엔틱 가구,shop=furniture,수입 엔틱 가구,shop=furniture
gemma3:12b,text,suwon__86__crop_002,suwon,VERONA,shop=furniture,VERONA,unknown
gemma3:12b,text,suwon__87__crop_001,suwon,HOTEL ILMARE,tourism=hotel,HOTEL ILMARE,tourism=hotel
gemma3:12b,text,suwon__89__crop_001,suwon,유료주차장,amenity=parking,P유료주차장,amenity=parking
gemma3:12b,text,suwon__8__crop_001,suwon,경훈약국,amenity=pharmacy,경훈약국,amenity=pharmacy
gemma3:12b,text,suwon__90__crop_001,suwon,Garma Hair,shop=hairdresser,Sarma Hair,shop=hairdresser
gemma3:12b,text,suwon__91__crop_001,suwon,부안 바지락촌,amenity=restaurant,부안바지라촌,restaurant
gemma3:12b,text,suwon__92__crop_001,suwon,신촌옥 설렁탕 해장국,amenity=restaurant,본신촌옥설링탕 해장국,amenity=restaurant
gemma3:12b,text,suwon__93__crop_002,suwon,PREMIUM MULTI SHOP,shop=clothes,프리미엄멀티샵,shop=convenience
gemma3:12b,text,suwon__94__crop_001,suwon,라미 웨딩쥬얼리,shop=beauty,라미 웨당쥬얼리,shop=jewelry
gemma3:12b,text,suwon__96__crop_001,suwon,르노삼성자동차 인계점,shop=car_repair,르노삼성자동차 인계점,shop=car_repair
gemma3:12b,text,suwon__97__crop_001,suwon,어구미,amenity=restaurant,가영점,unknown
gemma3:12b,text,suwon__98__crop_001,suwon,어구미,amenity=restaurant,술합번20,amenity=bar
gemma3:12b,text,suwon__99__crop_001,suwon,RESTAURANT,amenity=restaurant,RESTAURANT,amenity=restaurant
gemma3:12b,text,suwon__9__crop_001,suwon,ISaac,amenity=fast_food,이삭 토스트 커피,amenity=cafe
